invoice_id,subscription_id,account_id,invoice_date,invoice_month,due_date,service_period_start,service_period_end,invoice_status,subtotal_usd,tax_usd,total_usd,line_item_count,recurring_revenue_usd,one_time_revenue_usd,base_subscription_revenue_usd,payment_attempt_count,successful_payment_count,failed_payment_count,amount_paid_usd,processor_fee_usd,latest_payment_status,latest_payment_method,latest_payment_date,outstanding_amount_usd,is_fully_paid
I7001,S6001,A1001,2025-01-01,2025-01-01,2025-01-15,2025-01-01,2025-01-31,paid,1800.0,360.0,2160.0,2,1500.0,300.0,1500.0,1,1,0,2160.0,4.32,paid,wire,2025-01-06,0.0,true
I7002,S6001,A1001,2025-02-01,2025-02-01,2025-02-15,2025-02-01,2025-02-28,paid,1500.0,300.0,1800.0,1,1500.0,0.0,1500.0,1,1,0,1800.0,3.6,paid,wire,2025-02-12,0.0,true
I7003,S6001,A1001,2025-03-01,2025-03-01,2025-03-15,2025-03-01,2025-03-31,paid,1500.0,300.0,1800.0,1,1500.0,0.0,1500.0,1,1,0,1800.0,52.5,paid,card,2025-03-08,0.0,true
I7004,S6001,A1001,2025-04-01,2025-04-01,2025-04-15,2025-04-01,2025-04-30,paid,1500.0,300.0,1800.0,1,1500.0,0.0,1500.0,1,1,0,1800.0,52.5,paid,card,2025-04-10,0.0,true
I7005,S6001,A1001,2025-05-01,2025-05-01,2025-05-15,2025-05-01,2025-05-31,paid,1500.0,300.0,1800.0,1,1500.0,0.0,1500.0,1,1,0,1800.0,52.5,paid,card,2025-05-10,0.0,true
I7006,S6001,A1001,2025-06-01,2025-06-01,2025-06-15,2025-06-01,2025-06-30,paid,1500.0,300.0,1800.0,1,1500.0,0.0,1500.0,1,1,0,1800.0,3.6,paid,wire,2025-06-06,0.0,true
I7007,S6002,A1002,2025-02-01,2025-02-01,2025-02-15,2025-02-01,2025-02-28,paid,500.0,0.0,500.0,1,500.0,0.0,500.0,1,1,0,500.0,4.0,paid,ach,2025-02-13,0.0,true
I7008,S6003,A1002,2025-03-01,2025-03-01,2025-03-15,2025-03-01,2025-03-31,paid,1500.0,0.0,1500.0,1,1500.0,0.0,1500.0,1,1,0,1500.0,12.0,paid,ach,2025-03-14,0.0,true
I7009,S6003,A1002,2025-04-01,2025-04-01,2025-04-15,2025-04-01,2025-04-30,paid,1500.0,0.0,1500.0,1,1500.0,0.0,1500.0,1,1,0,1500.0,12.0,paid,ach,2025-04-06,0.0,true
I7010,S6003,A1002,2025-05-01,2025-05-01,2025-05-15,2025-05-01,2025-05-31,paid,1500.0,0.0,1500.0,1,1500.0,0.0,1500.0,1,1,0,1500.0,43.8,paid,card,2025-05-11,0.0,true
I7012,S6004,A1003,2025-01-01,2025-01-01,2025-01-15,2025-01-01,2025-12-31,paid,27650.0,0.0,27650.0,2,25650.0,2000.0,25650.0,1,1,0,27650.0,15.0,paid,wire,2025-01-11,0.0,true
I7013,S6005,A1004,2025-01-01,2025-01-01,2025-01-15,2025-01-01,2025-01-31,paid,900.0,0.0,900.0,2,500.0,400.0,500.0,1,1,0,900.0,26.4,paid,card,2025-01-10,0.0,true
I7014,S6005,A1004,2025-02-01,2025-02-01,2025-02-15,2025-02-01,2025-02-28,paid,500.0,0.0,500.0,1,500.0,0.0,500.0,1,1,0,500.0,4.0,paid,ach,2025-02-05,0.0,true
I7015,S6005,A1004,2025-03-01,2025-03-01,2025-03-15,2025-03-01,2025-03-31,paid,500.0,0.0,500.0,1,500.0,0.0,500.0,1,1,0,500.0,1.0,paid,wire,2025-03-09,0.0,true
I7016,S6005,A1004,2025-04-01,2025-04-01,2025-04-15,2025-04-01,2025-04-30,paid,500.0,0.0,500.0,1,500.0,0.0,500.0,2,1,1,500.0,14.8,failed,ach,2025-04-15,0.0,true
I7017,S6005,A1004,2025-05-01,2025-05-01,2025-05-15,2025-05-01,2025-05-31,paid,500.0,0.0,500.0,1,500.0,0.0,500.0,1,1,0,500.0,4.0,paid,ach,2025-05-08,0.0,true
I7018,S6006,A1005,2025-01-01,2025-01-01,2025-01-15,2025-01-01,2025-12-31,paid,27650.0,5530.0,33180.0,2,25650.0,2000.0,25650.0,1,1,0,33180.0,15.0,paid,wire,2025-01-14,0.0,true
I7019,S6007,A1006,2025-01-01,2025-01-01,2025-01-15,2025-01-01,2025-01-31,paid,500.0,100.0,600.0,1,500.0,0.0,500.0,1,1,0,600.0,17.7,paid,card,2025-01-14,0.0,true
I7020,S6007,A1006,2025-02-01,2025-02-01,2025-02-15,2025-02-01,2025-02-28,paid,500.0,100.0,600.0,1,500.0,0.0,500.0,1,1,0,600.0,1.2,paid,wire,2025-02-13,0.0,true
I7021,S6007,A1006,2025-03-01,2025-03-01,2025-03-15,2025-03-01,2025-03-31,paid,500.0,100.0,600.0,1,500.0,0.0,500.0,1,1,0,600.0,17.7,paid,card,2025-03-11,0.0,true
I7022,S6007,A1006,2025-04-01,2025-04-01,2025-04-15,2025-04-01,2025-04-30,paid,500.0,100.0,600.0,1,500.0,0.0,500.0,1,1,0,600.0,17.7,paid,card,2025-04-10,0.0,true
I7023,S6008,A1006,2025-05-01,2025-05-01,2025-05-15,2025-05-01,2025-05-31,paid,1200.0,240.0,1440.0,1,1200.0,0.0,1200.0,1,1,0,1440.0,42.06,paid,card,2025-05-08,0.0,true
I7024,S6008,A1006,2025-06-01,2025-06-01,2025-06-15,2025-06-01,2025-06-30,paid,1200.0,240.0,1440.0,1,1200.0,0.0,1200.0,1,1,0,1440.0,42.06,paid,card,2025-06-07,0.0,true
I7025,S6009,A1007,2025-01-01,2025-01-01,2025-01-15,2025-01-01,2025-01-31,paid,500.0,100.0,600.0,1,500.0,0.0,500.0,1,1,0,600.0,17.7,paid,card,2025-01-13,0.0,true
I7026,S6009,A1007,2025-02-01,2025-02-01,2025-02-15,2025-02-01,2025-02-28,paid,500.0,100.0,600.0,1,500.0,0.0,500.0,1,1,0,600.0,1.2,paid,wire,2025-02-13,0.0,true
I7027,S6009,A1007,2025-03-01,2025-03-01,2025-03-15,2025-03-01,2025-03-31,paid,500.0,100.0,600.0,1,500.0,0.0,500.0,1,1,0,600.0,17.7,paid,card,2025-03-06,0.0,true
I7028,S6009,A1007,2025-04-01,2025-04-01,2025-04-15,2025-04-01,2025-04-30,paid,500.0,100.0,600.0,1,500.0,0.0,500.0,1,1,0,600.0,17.7,paid,card,2025-04-10,0.0,true
I7029,S6009,A1007,2025-05-01,2025-05-01,2025-05-15,2025-05-01,2025-05-31,paid,500.0,100.0,600.0,1,500.0,0.0,500.0,1,1,0,600.0,17.7,paid,card,2025-05-13,0.0,true
I7031,S6010,A1008,2025-01-01,2025-01-01,2025-01-15,2025-01-01,2025-01-31,paid,2470.0,494.0,2964.0,1,2470.0,0.0,2470.0,1,1,0,2964.0,86.26,paid,card,2025-01-12,0.0,true
I7032,S6010,A1008,2025-02-01,2025-02-01,2025-02-15,2025-02-01,2025-02-28,paid,2470.0,494.0,2964.0,1,2470.0,0.0,2470.0,1,1,0,2964.0,86.26,paid,card,2025-02-11,0.0,true
I7033,S6010,A1008,2025-03-01,2025-03-01,2025-03-15,2025-03-01,2025-03-31,paid,2470.0,494.0,2964.0,1,2470.0,0.0,2470.0,1,1,0,2964.0,86.26,paid,card,2025-03-05,0.0,true
I7034,S6010,A1008,2025-04-01,2025-04-01,2025-04-15,2025-04-01,2025-04-30,paid,2470.0,494.0,2964.0,1,2470.0,0.0,2470.0,1,1,0,2964.0,86.26,paid,card,2025-04-05,0.0,true
I7035,S6010,A1008,2025-05-01,2025-05-01,2025-05-15,2025-05-01,2025-05-31,paid,2470.0,494.0,2964.0,1,2470.0,0.0,2470.0,1,1,0,2964.0,86.26,paid,card,2025-05-07,0.0,true
I7036,S6010,A1008,2025-06-01,2025-06-01,2025-06-15,2025-06-01,2025-06-30,paid,2470.0,494.0,2964.0,1,2470.0,0.0,2470.0,1,1,0,2964.0,86.26,paid,card,2025-06-09,0.0,true
I7037,S6011,A1009,2025-01-01,2025-01-01,2025-01-15,2025-01-01,2025-01-31,paid,1500.0,0.0,1500.0,1,1500.0,0.0,1500.0,1,1,0,1500.0,43.8,paid,card,2025-01-14,0.0,true
I7038,S6011,A1009,2025-02-01,2025-02-01,2025-02-15,2025-02-01,2025-02-28,paid,1500.0,0.0,1500.0,1,1500.0,0.0,1500.0,1,1,0,1500.0,43.8,paid,card,2025-02-07,0.0,true
I7039,S6012,A1009,2025-03-01,2025-03-01,2025-03-15,2025-03-01,2025-03-31,paid,2340.0,0.0,2340.0,1,2340.0,0.0,2340.0,1,1,0,2340.0,18.72,paid,ach,2025-03-13,0.0,true
I7040,S6012,A1009,2025-04-01,2025-04-01,2025-04-15,2025-04-01,2025-04-30,paid,2340.0,0.0,2340.0,1,2340.0,0.0,2340.0,1,1,0,2340.0,18.72,paid,ach,2025-04-08,0.0,true
I7041,S6012,A1009,2025-05-01,2025-05-01,2025-05-15,2025-05-01,2025-05-31,paid,2340.0,0.0,2340.0,1,2340.0,0.0,2340.0,1,1,0,2340.0,68.16,paid,card,2025-05-11,0.0,true
I7042,S6012,A1009,2025-06-01,2025-06-01,2025-06-15,2025-06-01,2025-06-30,paid,2340.0,0.0,2340.0,1,2340.0,0.0,2340.0,1,1,0,2340.0,68.16,paid,card,2025-06-10,0.0,true
I7043,S6013,A1010,2025-03-01,2025-03-01,2025-03-15,2025-03-01,2025-03-31,paid,400.0,0.0,400.0,1,400.0,0.0,400.0,1,1,0,400.0,3.2,paid,ach,2025-03-10,0.0,true
I7044,S6013,A1010,2025-04-01,2025-04-01,2025-04-15,2025-04-01,2025-04-30,paid,400.0,0.0,400.0,1,400.0,0.0,400.0,1,1,0,400.0,11.9,paid,card,2025-04-06,0.0,true
I7045,S6013,A1010,2025-05-01,2025-05-01,2025-05-15,2025-05-01,2025-05-31,paid,400.0,0.0,400.0,1,400.0,0.0,400.0,1,1,0,400.0,3.2,paid,ach,2025-05-07,0.0,true
I7046,S6013,A1010,2025-06-01,2025-06-01,2025-06-15,2025-06-01,2025-06-30,paid,400.0,0.0,400.0,1,400.0,0.0,400.0,1,1,0,400.0,3.2,paid,ach,2025-06-07,0.0,true
I7047,S6014,A1011,2025-02-01,2025-02-01,2025-02-15,2025-02-01,2025-02-28,paid,1500.0,0.0,1500.0,1,1500.0,0.0,1500.0,2,1,1,1500.0,12.0,failed,card,2025-02-15,0.0,true
I7048,S6014,A1011,2025-03-01,2025-03-01,2025-03-15,2025-03-01,2025-03-31,paid,1500.0,0.0,1500.0,1,1500.0,0.0,1500.0,1,1,0,1500.0,12.0,paid,ach,2025-03-11,0.0,true
I7049,S6014,A1011,2025-04-01,2025-04-01,2025-04-15,2025-04-01,2025-04-30,paid,1500.0,0.0,1500.0,1,1500.0,0.0,1500.0,1,1,0,1500.0,12.0,paid,ach,2025-04-12,0.0,true
I7050,S6014,A1011,2025-05-01,2025-05-01,2025-05-15,2025-05-01,2025-05-31,paid,1500.0,0.0,1500.0,1,1500.0,0.0,1500.0,1,1,0,1500.0,12.0,paid,ach,2025-05-06,0.0,true
I7051,S6014,A1011,2025-06-01,2025-06-01,2025-06-15,2025-06-01,2025-06-30,paid,1500.0,0.0,1500.0,1,1500.0,0.0,1500.0,1,1,0,1500.0,12.0,paid,ach,2025-06-09,0.0,true
I7052,S6015,A1012,2025-01-01,2025-01-01,2025-01-15,2025-01-01,2025-01-31,paid,500.0,50.0,550.0,1,500.0,0.0,500.0,1,1,0,550.0,16.25,paid,card,2025-01-08,0.0,true
I7053,S6015,A1012,2025-02-01,2025-02-01,2025-02-15,2025-02-01,2025-02-28,paid,500.0,50.0,550.0,1,500.0,0.0,500.0,1,1,0,550.0,16.25,paid,card,2025-02-06,0.0,true
I7054,S6015,A1012,2025-03-01,2025-03-01,2025-03-15,2025-03-01,2025-03-31,paid,500.0,50.0,550.0,1,500.0,0.0,500.0,1,1,0,550.0,16.25,paid,card,2025-03-13,0.0,true
I7055,S6015,A1012,2025-04-01,2025-04-01,2025-04-15,2025-04-01,2025-04-30,paid,500.0,50.0,550.0,1,500.0,0.0,500.0,1,1,0,550.0,16.25,paid,card,2025-04-05,0.0,true
I7056,S6015,A1012,2025-05-01,2025-05-01,2025-05-15,2025-05-01,2025-05-31,paid,500.0,50.0,550.0,1,500.0,0.0,500.0,1,1,0,550.0,1.1,paid,wire,2025-05-10,0.0,true
I7057,S6015,A1012,2025-06-01,2025-06-01,2025-06-15,2025-06-01,2025-06-30,paid,500.0,50.0,550.0,1,500.0,0.0,500.0,2,1,1,550.0,1.1,failed,wire,2025-06-15,0.0,true
I7058,S6016,A1013,2025-01-01,2025-01-01,2025-01-15,2025-01-01,2025-01-31,paid,1825.0,0.0,1825.0,2,1425.0,400.0,1425.0,1,1,0,1825.0,53.23,paid,card,2025-01-08,0.0,true
I7059,S6016,A1013,2025-02-01,2025-02-01,2025-02-15,2025-02-01,2025-02-28,paid,1425.0,0.0,1425.0,1,1425.0,0.0,1425.0,1,1,0,1425.0,11.4,paid,ach,2025-02-13,0.0,true
I7060,S6016,A1013,2025-03-01,2025-03-01,2025-03-15,2025-03-01,2025-03-31,paid,1425.0,0.0,1425.0,1,1425.0,0.0,1425.0,1,1,0,1425.0,11.4,paid,ach,2025-03-07,0.0,true
I7061,S6016,A1013,2025-04-01,2025-04-01,2025-04-15,2025-04-01,2025-04-30,paid,1425.0,0.0,1425.0,1,1425.0,0.0,1425.0,1,1,0,1425.0,11.4,paid,ach,2025-04-12,0.0,true
I7062,S6016,A1013,2025-05-01,2025-05-01,2025-05-15,2025-05-01,2025-05-31,paid,1425.0,0.0,1425.0,1,1425.0,0.0,1425.0,1,1,0,1425.0,41.62,paid,card,2025-05-07,0.0,true
I7063,S6016,A1013,2025-06-01,2025-06-01,2025-06-15,2025-06-01,2025-06-30,paid,1425.0,0.0,1425.0,1,1425.0,0.0,1425.0,1,1,0,1425.0,11.4,paid,ach,2025-06-14,0.0,true
I7064,S6017,A1014,2025-01-01,2025-01-01,2025-01-15,2025-01-01,2025-01-31,paid,1900.0,171.0,2071.0,2,1500.0,400.0,1500.0,1,1,0,2071.0,4.14,paid,wire,2025-01-09,0.0,true
I7065,S6017,A1014,2025-02-01,2025-02-01,2025-02-15,2025-02-01,2025-02-28,paid,1500.0,135.0,1635.0,1,1500.0,0.0,1500.0,1,1,0,1635.0,13.08,paid,ach,2025-02-14,0.0,true
I7066,S6017,A1014,2025-03-01,2025-03-01,2025-03-15,2025-03-01,2025-03-31,paid,1500.0,135.0,1635.0,1,1500.0,0.0,1500.0,1,1,0,1635.0,47.71,paid,card,2025-03-12,0.0,true
I7067,S6017,A1014,2025-04-01,2025-04-01,2025-04-15,2025-04-01,2025-04-30,paid,1500.0,135.0,1635.0,1,1500.0,0.0,1500.0,1,1,0,1635.0,3.27,paid,wire,2025-04-14,0.0,true
I7068,S6018,A1015,2025-01-01,2025-01-01,2025-01-15,2025-01-01,2025-01-31,paid,1500.0,0.0,1500.0,1,1500.0,0.0,1500.0,1,1,0,1500.0,43.8,paid,card,2025-01-13,0.0,true
I7069,S6018,A1015,2025-02-01,2025-02-01,2025-02-15,2025-02-01,2025-02-28,paid,1500.0,0.0,1500.0,1,1500.0,0.0,1500.0,1,1,0,1500.0,43.8,paid,card,2025-02-06,0.0,true
I7070,S6018,A1015,2025-03-01,2025-03-01,2025-03-15,2025-03-01,2025-03-31,paid,1500.0,0.0,1500.0,1,1500.0,0.0,1500.0,1,1,0,1500.0,12.0,paid,ach,2025-03-08,0.0,true
I7071,S6018,A1015,2025-04-01,2025-04-01,2025-04-15,2025-04-01,2025-04-30,paid,1500.0,0.0,1500.0,1,1500.0,0.0,1500.0,1,1,0,1500.0,12.0,paid,ach,2025-04-12,0.0,true
I7072,S6019,A1016,2025-01-01,2025-01-01,2025-01-15,2025-01-01,2025-12-31,paid,26300.0,5260.0,31560.0,2,24300.0,2000.0,24300.0,1,1,0,31560.0,15.0,paid,wire,2025-01-12,0.0,true
I7073,S6020,A1017,2025-01-01,2025-01-01,2025-01-15,2025-01-01,2025-01-31,paid,1350.0,270.0,1620.0,1,1350.0,0.0,1350.0,1,1,0,1620.0,47.28,paid,card,2025-01-14,0.0,true
I7074,S6020,A1017,2025-02-01,2025-02-01,2025-02-15,2025-02-01,2025-02-28,paid,1350.0,270.0,1620.0,1,1350.0,0.0,1350.0,1,1,0,1620.0,47.28,paid,card,2025-02-10,0.0,true
I7075,S6020,A1017,2025-03-01,2025-03-01,2025-03-15,2025-03-01,2025-03-31,paid,1350.0,270.0,1620.0,1,1350.0,0.0,1350.0,1,1,0,1620.0,47.28,paid,card,2025-03-13,0.0,true
I7076,S6020,A1017,2025-04-01,2025-04-01,2025-04-15,2025-04-01,2025-04-30,paid,1350.0,270.0,1620.0,1,1350.0,0.0,1350.0,1,1,0,1620.0,47.28,paid,card,2025-04-08,0.0,true
I7077,S6020,A1017,2025-05-01,2025-05-01,2025-05-15,2025-05-01,2025-05-31,paid,1350.0,270.0,1620.0,1,1350.0,0.0,1350.0,1,1,0,1620.0,3.24,paid,wire,2025-05-08,0.0,true
I7078,S6020,A1017,2025-06-01,2025-06-01,2025-06-15,2025-06-01,2025-06-30,paid,1350.0,270.0,1620.0,1,1350.0,0.0,1350.0,1,1,0,1620.0,47.28,paid,card,2025-06-11,0.0,true
I7079,S6021,A1018,2025-01-01,2025-01-01,2025-01-15,2025-01-01,2025-01-31,paid,750.0,150.0,900.0,2,500.0,250.0,500.0,1,1,0,900.0,26.4,paid,card,2025-01-14,0.0,true
I7080,S6021,A1018,2025-02-01,2025-02-01,2025-02-15,2025-02-01,2025-02-28,paid,500.0,100.0,600.0,1,500.0,0.0,500.0,1,1,0,600.0,17.7,paid,card,2025-02-09,0.0,true
I7081,S6021,A1018,2025-03-01,2025-03-01,2025-03-15,2025-03-01,2025-03-31,paid,500.0,100.0,600.0,1,500.0,0.0,500.0,1,1,0,600.0,17.7,paid,card,2025-03-13,0.0,true
I7082,S6021,A1018,2025-04-01,2025-04-01,2025-04-15,2025-04-01,2025-04-30,paid,500.0,100.0,600.0,1,500.0,0.0,500.0,1,1,0,600.0,1.2,paid,wire,2025-04-06,0.0,true
I7083,S6022,A1019,2025-03-01,2025-03-01,2025-03-15,2025-03-01,2025-03-31,paid,400.0,40.0,440.0,1,400.0,0.0,400.0,1,1,0,440.0,13.06,paid,card,2025-03-13,0.0,true
I7084,S6022,A1019,2025-04-01,2025-04-01,2025-04-15,2025-04-01,2025-04-30,paid,400.0,40.0,440.0,1,400.0,0.0,400.0,1,1,0,440.0,0.88,paid,wire,2025-04-05,0.0,true
I7085,S6022,A1019,2025-05-01,2025-05-01,2025-05-15,2025-05-01,2025-05-31,paid,400.0,40.0,440.0,1,400.0,0.0,400.0,1,1,0,440.0,0.88,paid,wire,2025-05-09,0.0,true
I7086,S6022,A1019,2025-06-01,2025-06-01,2025-06-15,2025-06-01,2025-06-30,paid,400.0,40.0,440.0,1,400.0,0.0,400.0,1,1,0,440.0,13.06,paid,card,2025-06-11,0.0,true
I7087,S6023,A1020,2025-03-01,2025-03-01,2025-03-15,2025-03-01,2025-03-31,paid,1500.0,300.0,1800.0,1,1500.0,0.0,1500.0,1,1,0,1800.0,3.6,paid,wire,2025-03-10,0.0,true
I7088,S6023,A1020,2025-04-01,2025-04-01,2025-04-15,2025-04-01,2025-04-30,paid,1500.0,300.0,1800.0,1,1500.0,0.0,1500.0,1,1,0,1800.0,3.6,paid,wire,2025-04-08,0.0,true
I7089,S6023,A1020,2025-05-01,2025-05-01,2025-05-15,2025-05-01,2025-05-31,paid,1500.0,300.0,1800.0,1,1500.0,0.0,1500.0,1,1,0,1800.0,52.5,paid,card,2025-05-08,0.0,true
I7090,S6023,A1020,2025-06-01,2025-06-01,2025-06-15,2025-06-01,2025-06-30,paid,1500.0,300.0,1800.0,1,1500.0,0.0,1500.0,1,1,0,1800.0,3.6,paid,wire,2025-06-08,0.0,true
I7091,S6024,A1021,2025-01-01,2025-01-01,2025-01-15,2025-01-01,2025-01-31,paid,500.0,0.0,500.0,1,500.0,0.0,500.0,1,1,0,500.0,4.0,paid,ach,2025-01-11,0.0,true
I7092,S6024,A1021,2025-02-01,2025-02-01,2025-02-15,2025-02-01,2025-02-28,paid,500.0,0.0,500.0,1,500.0,0.0,500.0,1,1,0,500.0,14.8,paid,card,2025-02-09,0.0,true
I7093,S6024,A1021,2025-03-01,2025-03-01,2025-03-15,2025-03-01,2025-03-31,paid,500.0,0.0,500.0,1,500.0,0.0,500.0,2,1,1,500.0,14.8,failed,card,2025-03-15,0.0,true
I7094,S6024,A1021,2025-04-01,2025-04-01,2025-04-15,2025-04-01,2025-04-30,paid,500.0,0.0,500.0,1,500.0,0.0,500.0,1,1,0,500.0,14.8,paid,card,2025-04-08,0.0,true
I7095,S6024,A1021,2025-05-01,2025-05-01,2025-05-15,2025-05-01,2025-05-31,paid,500.0,0.0,500.0,1,500.0,0.0,500.0,1,1,0,500.0,14.8,paid,card,2025-05-05,0.0,true
I7096,S6024,A1021,2025-06-01,2025-06-01,2025-06-15,2025-06-01,2025-06-30,paid,500.0,0.0,500.0,1,500.0,0.0,500.0,1,1,0,500.0,4.0,paid,ach,2025-06-09,0.0,true
I7097,S6025,A1022,2025-03-01,2025-03-01,2025-03-15,2025-03-01,2025-03-31,paid,1500.0,150.0,1650.0,1,1500.0,0.0,1500.0,1,1,0,1650.0,48.15,paid,card,2025-03-09,0.0,true
I7098,S6025,A1022,2025-04-01,2025-04-01,2025-04-15,2025-04-01,2025-04-30,paid,1500.0,150.0,1650.0,1,1500.0,0.0,1500.0,1,1,0,1650.0,48.15,paid,card,2025-04-09,0.0,true
I7099,S6025,A1022,2025-05-01,2025-05-01,2025-05-15,2025-05-01,2025-05-31,paid,1500.0,150.0,1650.0,1,1500.0,0.0,1500.0,1,1,0,1650.0,3.3,paid,wire,2025-05-11,0.0,true
I7100,S6025,A1022,2025-06-01,2025-06-01,2025-06-15,2025-06-01,2025-06-30,paid,1500.0,150.0,1650.0,1,1500.0,0.0,1500.0,1,1,0,1650.0,3.3,paid,wire,2025-06-12,0.0,true
I7101,S6026,A1023,2025-02-01,2025-02-01,2025-02-15,2025-02-01,2025-02-28,paid,400.0,0.0,400.0,1,400.0,0.0,400.0,2,1,1,400.0,11.9,failed,ach,2025-02-15,0.0,true
I7102,S6026,A1023,2025-03-01,2025-03-01,2025-03-15,2025-03-01,2025-03-31,paid,400.0,0.0,400.0,1,400.0,0.0,400.0,1,1,0,400.0,3.2,paid,ach,2025-03-06,0.0,true
I7103,S6026,A1023,2025-04-01,2025-04-01,2025-04-15,2025-04-01,2025-04-30,paid,400.0,0.0,400.0,1,400.0,0.0,400.0,1,1,0,400.0,11.9,paid,card,2025-04-12,0.0,true
I7104,S6026,A1023,2025-05-01,2025-05-01,2025-05-15,2025-05-01,2025-05-31,paid,400.0,0.0,400.0,1,400.0,0.0,400.0,1,1,0,400.0,3.2,paid,ach,2025-05-07,0.0,true
I7105,S6026,A1023,2025-06-01,2025-06-01,2025-06-15,2025-06-01,2025-06-30,past_due,400.0,0.0,400.0,1,400.0,0.0,400.0,1,0,1,0.0,0.0,failed,card,2025-06-18,400.0,false
I7106,S6027,A1024,2025-02-01,2025-02-01,2025-02-15,2025-02-01,2025-02-28,paid,500.0,0.0,500.0,1,500.0,0.0,500.0,1,1,0,500.0,4.0,paid,ach,2025-02-09,0.0,true
I7107,S6027,A1024,2025-03-01,2025-03-01,2025-03-15,2025-03-01,2025-03-31,paid,500.0,0.0,500.0,1,500.0,0.0,500.0,1,1,0,500.0,4.0,paid,ach,2025-03-06,0.0,true
I7108,S6027,A1024,2025-04-01,2025-04-01,2025-04-15,2025-04-01,2025-04-30,paid,500.0,0.0,500.0,1,500.0,0.0,500.0,1,1,0,500.0,14.8,paid,card,2025-04-08,0.0,true
I7109,S6027,A1024,2025-05-01,2025-05-01,2025-05-15,2025-05-01,2025-05-31,paid,500.0,0.0,500.0,1,500.0,0.0,500.0,1,1,0,500.0,4.0,paid,ach,2025-05-12,0.0,true
I7110,S6027,A1024,2025-06-01,2025-06-01,2025-06-15,2025-06-01,2025-06-30,paid,500.0,0.0,500.0,1,500.0,0.0,500.0,1,1,0,500.0,4.0,paid,ach,2025-06-12,0.0,true
I7111,S6028,A1025,2025-01-01,2025-01-01,2025-01-15,2025-01-01,2025-01-31,paid,650.0,130.0,780.0,2,400.0,250.0,400.0,1,1,0,780.0,1.56,paid,wire,2025-01-06,0.0,true
I7112,S6028,A1025,2025-02-01,2025-02-01,2025-02-15,2025-02-01,2025-02-28,paid,400.0,80.0,480.0,1,400.0,0.0,400.0,1,1,0,480.0,14.22,paid,card,2025-02-12,0.0,true
I7113,S6028,A1025,2025-03-01,2025-03-01,2025-03-15,2025-03-01,2025-03-31,paid,400.0,80.0,480.0,1,400.0,0.0,400.0,1,1,0,480.0,14.22,paid,card,2025-03-05,0.0,true
I7114,S6028,A1025,2025-04-01,2025-04-01,2025-04-15,2025-04-01,2025-04-30,paid,400.0,80.0,480.0,1,400.0,0.0,400.0,1,1,0,480.0,14.22,paid,card,2025-04-08,0.0,true
I7115,S6028,A1025,2025-05-01,2025-05-01,2025-05-15,2025-05-01,2025-05-31,paid,400.0,80.0,480.0,1,400.0,0.0,400.0,1,1,0,480.0,14.22,paid,card,2025-05-05,0.0,true
I7116,S6028,A1025,2025-06-01,2025-06-01,2025-06-15,2025-06-01,2025-06-30,paid,400.0,80.0,480.0,1,400.0,0.0,400.0,1,1,0,480.0,0.96,paid,wire,2025-06-09,0.0,true
I7117,S6029,A1026,2025-01-01,2025-01-01,2025-01-15,2025-01-01,2025-01-31,paid,400.0,0.0,400.0,1,400.0,0.0,400.0,1,1,0,400.0,3.2,paid,ach,2025-01-05,0.0,true
I7118,S6029,A1026,2025-02-01,2025-02-01,2025-02-15,2025-02-01,2025-02-28,paid,400.0,0.0,400.0,1,400.0,0.0,400.0,1,1,0,400.0,3.2,paid,ach,2025-02-09,0.0,true
I7119,S6029,A1026,2025-03-01,2025-03-01,2025-03-15,2025-03-01,2025-03-31,paid,400.0,0.0,400.0,1,400.0,0.0,400.0,1,1,0,400.0,3.2,paid,ach,2025-03-08,0.0,true
I7120,S6029,A1026,2025-04-01,2025-04-01,2025-04-15,2025-04-01,2025-04-30,paid,400.0,0.0,400.0,1,400.0,0.0,400.0,1,1,0,400.0,11.9,paid,card,2025-04-05,0.0,true
I7121,S6029,A1026,2025-05-01,2025-05-01,2025-05-15,2025-05-01,2025-05-31,paid,400.0,0.0,400.0,1,400.0,0.0,400.0,1,1,0,400.0,3.2,paid,ach,2025-05-08,0.0,true
I7122,S6029,A1026,2025-06-01,2025-06-01,2025-06-15,2025-06-01,2025-06-30,paid,400.0,0.0,400.0,1,400.0,0.0,400.0,1,1,0,400.0,3.2,paid,ach,2025-06-13,0.0,true
I7123,S6030,A1027,2025-01-01,2025-01-01,2025-01-15,2025-01-01,2025-01-31,paid,500.0,45.0,545.0,1,500.0,0.0,500.0,2,1,1,545.0,16.11,failed,card,2025-01-15,0.0,true
I7124,S6030,A1027,2025-02-01,2025-02-01,2025-02-15,2025-02-01,2025-02-28,paid,500.0,45.0,545.0,1,500.0,0.0,500.0,1,1,0,545.0,16.11,paid,card,2025-02-10,0.0,true
I7125,S6030,A1027,2025-03-01,2025-03-01,2025-03-15,2025-03-01,2025-03-31,paid,500.0,45.0,545.0,1,500.0,0.0,500.0,1,1,0,545.0,1.09,paid,wire,2025-03-06,0.0,true
I7126,S6030,A1027,2025-04-01,2025-04-01,2025-04-15,2025-04-01,2025-04-30,paid,500.0,45.0,545.0,1,500.0,0.0,500.0,1,1,0,545.0,1.09,paid,wire,2025-04-05,0.0,true
I7127,S6030,A1027,2025-05-01,2025-05-01,2025-05-15,2025-05-01,2025-05-31,paid,500.0,45.0,545.0,1,500.0,0.0,500.0,1,1,0,545.0,16.11,paid,card,2025-05-14,0.0,true
I7128,S6030,A1027,2025-06-01,2025-06-01,2025-06-15,2025-06-01,2025-06-30,paid,500.0,45.0,545.0,1,500.0,0.0,500.0,1,1,0,545.0,16.11,paid,card,2025-06-14,0.0,true
I7129,S6031,A1028,2025-01-01,2025-01-01,2025-01-15,2025-01-01,2025-01-31,paid,2600.0,234.0,2834.0,1,2600.0,0.0,2600.0,2,1,1,2834.0,82.49,failed,card,2025-01-15,0.0,true
I7130,S6031,A1028,2025-02-01,2025-02-01,2025-02-15,2025-02-01,2025-02-28,paid,2600.0,234.0,2834.0,1,2600.0,0.0,2600.0,1,1,0,2834.0,82.49,paid,card,2025-02-08,0.0,true
I7131,S6031,A1028,2025-03-01,2025-03-01,2025-03-15,2025-03-01,2025-03-31,paid,2600.0,234.0,2834.0,1,2600.0,0.0,2600.0,1,1,0,2834.0,82.49,paid,card,2025-03-10,0.0,true
I7132,S6031,A1028,2025-04-01,2025-04-01,2025-04-15,2025-04-01,2025-04-30,paid,2600.0,234.0,2834.0,1,2600.0,0.0,2600.0,1,1,0,2834.0,82.49,paid,card,2025-04-12,0.0,true
I7133,S6031,A1028,2025-05-01,2025-05-01,2025-05-15,2025-05-01,2025-05-31,paid,2600.0,234.0,2834.0,1,2600.0,0.0,2600.0,1,1,0,2834.0,5.67,paid,wire,2025-05-13,0.0,true
I7135,S6032,A1029,2025-01-01,2025-01-01,2025-01-15,2025-01-01,2025-01-31,paid,475.0,47.5,522.5,1,475.0,0.0,475.0,1,1,0,522.5,4.18,paid,ach,2025-01-11,0.0,true
I7136,S6032,A1029,2025-02-01,2025-02-01,2025-02-15,2025-02-01,2025-02-28,paid,475.0,47.5,522.5,1,475.0,0.0,475.0,1,1,0,522.5,4.18,paid,ach,2025-02-10,0.0,true
I7137,S6032,A1029,2025-03-01,2025-03-01,2025-03-15,2025-03-01,2025-03-31,paid,475.0,47.5,522.5,1,475.0,0.0,475.0,1,1,0,522.5,4.18,paid,ach,2025-03-09,0.0,true
I7138,S6032,A1029,2025-04-01,2025-04-01,2025-04-15,2025-04-01,2025-04-30,paid,475.0,47.5,522.5,1,475.0,0.0,475.0,1,1,0,522.5,4.18,paid,ach,2025-04-13,0.0,true
I7139,S6033,A1030,2025-01-01,2025-01-01,2025-01-15,2025-01-01,2025-01-31,paid,2470.0,494.0,2964.0,1,2470.0,0.0,2470.0,1,1,0,2964.0,5.93,paid,wire,2025-01-10,0.0,true
I7140,S6033,A1030,2025-02-01,2025-02-01,2025-02-15,2025-02-01,2025-02-28,paid,2470.0,494.0,2964.0,1,2470.0,0.0,2470.0,1,1,0,2964.0,23.71,paid,ach,2025-02-11,0.0,true
I7141,S6033,A1030,2025-03-01,2025-03-01,2025-03-15,2025-03-01,2025-03-31,paid,2470.0,494.0,2964.0,1,2470.0,0.0,2470.0,1,1,0,2964.0,23.71,paid,ach,2025-03-11,0.0,true
I7142,S6033,A1030,2025-04-01,2025-04-01,2025-04-15,2025-04-01,2025-04-30,paid,2470.0,494.0,2964.0,1,2470.0,0.0,2470.0,1,1,0,2964.0,5.93,paid,wire,2025-04-11,0.0,true
I7143,S6033,A1030,2025-05-01,2025-05-01,2025-05-15,2025-05-01,2025-05-31,paid,2470.0,494.0,2964.0,1,2470.0,0.0,2470.0,1,1,0,2964.0,23.71,paid,ach,2025-05-08,0.0,true
I7144,S6033,A1030,2025-06-01,2025-06-01,2025-06-15,2025-06-01,2025-06-30,paid,2470.0,494.0,2964.0,1,2470.0,0.0,2470.0,1,1,0,2964.0,5.93,paid,wire,2025-06-14,0.0,true
I7145,S6034,A1031,2025-03-01,2025-03-01,2025-03-15,2025-03-01,2025-03-31,paid,1500.0,150.0,1650.0,1,1500.0,0.0,1500.0,1,1,0,1650.0,48.15,paid,card,2025-03-11,0.0,true
I7146,S6034,A1031,2025-04-01,2025-04-01,2025-04-15,2025-04-01,2025-04-30,paid,1500.0,150.0,1650.0,1,1500.0,0.0,1500.0,1,1,0,1650.0,3.3,paid,wire,2025-04-11,0.0,true
I7147,S6034,A1031,2025-05-01,2025-05-01,2025-05-15,2025-05-01,2025-05-31,paid,1500.0,150.0,1650.0,1,1500.0,0.0,1500.0,1,1,0,1650.0,3.3,paid,wire,2025-05-12,0.0,true
I7148,S6034,A1031,2025-06-01,2025-06-01,2025-06-15,2025-06-01,2025-06-30,paid,1500.0,150.0,1650.0,1,1500.0,0.0,1500.0,1,1,0,1650.0,48.15,paid,card,2025-06-14,0.0,true
I7149,S6035,A1032,2025-01-01,2025-01-01,2025-01-15,2025-01-01,2025-01-31,paid,1500.0,300.0,1800.0,1,1500.0,0.0,1500.0,1,1,0,1800.0,3.6,paid,wire,2025-01-07,0.0,true
I7150,S6035,A1032,2025-02-01,2025-02-01,2025-02-15,2025-02-01,2025-02-28,paid,1500.0,300.0,1800.0,1,1500.0,0.0,1500.0,1,1,0,1800.0,52.5,paid,card,2025-02-11,0.0,true
I7151,S6035,A1032,2025-03-01,2025-03-01,2025-03-15,2025-03-01,2025-03-31,paid,1500.0,300.0,1800.0,1,1500.0,0.0,1500.0,1,1,0,1800.0,52.5,paid,card,2025-03-08,0.0,true
I7152,S6035,A1032,2025-04-01,2025-04-01,2025-04-15,2025-04-01,2025-04-30,paid,1500.0,300.0,1800.0,1,1500.0,0.0,1500.0,1,1,0,1800.0,52.5,paid,card,2025-04-09,0.0,true
I7153,S6036,A1033,2025-01-01,2025-01-01,2025-01-15,2025-01-01,2025-01-31,paid,1500.0,0.0,1500.0,1,1500.0,0.0,1500.0,1,1,0,1500.0,43.8,paid,card,2025-01-11,0.0,true
I7154,S6036,A1033,2025-02-01,2025-02-01,2025-02-15,2025-02-01,2025-02-28,paid,1500.0,0.0,1500.0,1,1500.0,0.0,1500.0,1,1,0,1500.0,43.8,paid,card,2025-02-07,0.0,true
I7155,S6036,A1033,2025-03-01,2025-03-01,2025-03-15,2025-03-01,2025-03-31,paid,1500.0,0.0,1500.0,1,1500.0,0.0,1500.0,1,1,0,1500.0,12.0,paid,ach,2025-03-07,0.0,true
I7156,S6036,A1033,2025-04-01,2025-04-01,2025-04-15,2025-04-01,2025-04-30,paid,1500.0,0.0,1500.0,1,1500.0,0.0,1500.0,1,1,0,1500.0,12.0,paid,ach,2025-04-14,0.0,true
I7157,S6036,A1033,2025-05-01,2025-05-01,2025-05-15,2025-05-01,2025-05-31,paid,1500.0,0.0,1500.0,1,1500.0,0.0,1500.0,1,1,0,1500.0,12.0,paid,ach,2025-05-05,0.0,true
I7158,S6036,A1033,2025-06-01,2025-06-01,2025-06-15,2025-06-01,2025-06-30,paid,1500.0,0.0,1500.0,1,1500.0,0.0,1500.0,1,1,0,1500.0,12.0,paid,ach,2025-06-05,0.0,true
I7159,S6037,A1034,2025-01-01,2025-01-01,2025-01-15,2025-01-01,2025-01-31,paid,500.0,0.0,500.0,1,500.0,0.0,500.0,1,1,0,500.0,4.0,paid,ach,2025-01-06,0.0,true
I7160,S6037,A1034,2025-02-01,2025-02-01,2025-02-15,2025-02-01,2025-02-28,paid,500.0,0.0,500.0,1,500.0,0.0,500.0,1,1,0,500.0,14.8,paid,card,2025-02-08,0.0,true
I7161,S6037,A1034,2025-03-01,2025-03-01,2025-03-15,2025-03-01,2025-03-31,paid,500.0,0.0,500.0,1,500.0,0.0,500.0,1,1,0,500.0,14.8,paid,card,2025-03-09,0.0,true
I7162,S6037,A1034,2025-04-01,2025-04-01,2025-04-15,2025-04-01,2025-04-30,paid,500.0,0.0,500.0,1,500.0,0.0,500.0,1,1,0,500.0,4.0,paid,ach,2025-04-10,0.0,true
I7163,S6037,A1034,2025-05-01,2025-05-01,2025-05-15,2025-05-01,2025-05-31,paid,500.0,0.0,500.0,1,500.0,0.0,500.0,1,1,0,500.0,14.8,paid,card,2025-05-12,0.0,true
I7164,S6037,A1034,2025-06-01,2025-06-01,2025-06-15,2025-06-01,2025-06-30,paid,500.0,0.0,500.0,1,500.0,0.0,500.0,1,1,0,500.0,4.0,paid,ach,2025-06-13,0.0,true
I7165,S6038,A1035,2025-03-01,2025-03-01,2025-03-15,2025-03-01,2025-03-31,paid,1750.0,350.0,2100.0,2,1500.0,250.0,1500.0,1,1,0,2100.0,61.2,paid,card,2025-03-14,0.0,true
I7166,S6039,A1035,2025-04-01,2025-04-01,2025-04-15,2025-04-01,2025-04-30,paid,2600.0,520.0,3120.0,1,2600.0,0.0,2600.0,1,1,0,3120.0,90.78,paid,card,2025-04-09,0.0,true
I7167,S6039,A1035,2025-05-01,2025-05-01,2025-05-15,2025-05-01,2025-05-31,paid,2600.0,520.0,3120.0,1,2600.0,0.0,2600.0,1,1,0,3120.0,90.78,paid,card,2025-05-06,0.0,true
I7168,S6039,A1035,2025-06-01,2025-06-01,2025-06-15,2025-06-01,2025-06-30,paid,2600.0,520.0,3120.0,1,2600.0,0.0,2600.0,1,1,0,3120.0,90.78,paid,card,2025-06-05,0.0,true
I7169,S6040,A1036,2025-01-01,2025-01-01,2025-01-15,2025-01-01,2025-01-31,paid,1500.0,0.0,1500.0,2,1200.0,300.0,1200.0,1,1,0,1500.0,12.0,paid,ach,2025-01-05,0.0,true
I7170,S6040,A1036,2025-02-01,2025-02-01,2025-02-15,2025-02-01,2025-02-28,paid,1200.0,0.0,1200.0,1,1200.0,0.0,1200.0,1,1,0,1200.0,35.1,paid,card,2025-02-10,0.0,true
I7171,S6040,A1036,2025-03-01,2025-03-01,2025-03-15,2025-03-01,2025-03-31,paid,1200.0,0.0,1200.0,1,1200.0,0.0,1200.0,1,1,0,1200.0,9.6,paid,ach,2025-03-07,0.0,true
I7172,S6040,A1036,2025-04-01,2025-04-01,2025-04-15,2025-04-01,2025-04-30,paid,1200.0,0.0,1200.0,1,1200.0,0.0,1200.0,1,1,0,1200.0,9.6,paid,ach,2025-04-12,0.0,true
I7173,S6041,A1037,2025-01-01,2025-01-01,2025-01-15,2025-01-01,2025-01-31,paid,1500.0,300.0,1800.0,1,1500.0,0.0,1500.0,1,1,0,1800.0,14.4,paid,ach,2025-01-06,0.0,true
I7174,S6041,A1037,2025-02-01,2025-02-01,2025-02-15,2025-02-01,2025-02-28,paid,1500.0,300.0,1800.0,1,1500.0,0.0,1500.0,1,1,0,1800.0,3.6,paid,wire,2025-02-07,0.0,true
I7175,S6041,A1037,2025-03-01,2025-03-01,2025-03-15,2025-03-01,2025-03-31,paid,1500.0,300.0,1800.0,1,1500.0,0.0,1500.0,1,1,0,1800.0,14.4,paid,ach,2025-03-07,0.0,true
I7176,S6041,A1037,2025-04-01,2025-04-01,2025-04-15,2025-04-01,2025-04-30,paid,1500.0,300.0,1800.0,1,1500.0,0.0,1500.0,1,1,0,1800.0,52.5,paid,card,2025-04-08,0.0,true
I7177,S6042,A1037,2025-05-01,2025-05-01,2025-05-15,2025-05-01,2025-05-31,paid,2600.0,520.0,3120.0,1,2600.0,0.0,2600.0,1,1,0,3120.0,24.96,paid,ach,2025-05-06,0.0,true
I7178,S6042,A1037,2025-06-01,2025-06-01,2025-06-15,2025-06-01,2025-06-30,paid,2600.0,520.0,3120.0,1,2600.0,0.0,2600.0,1,1,0,3120.0,24.96,paid,ach,2025-06-14,0.0,true
I7179,S6043,A1038,2025-01-01,2025-01-01,2025-01-15,2025-01-01,2025-01-31,paid,500.0,50.0,550.0,1,500.0,0.0,500.0,1,1,0,550.0,1.1,paid,wire,2025-01-09,0.0,true
I7180,S6043,A1038,2025-02-01,2025-02-01,2025-02-15,2025-02-01,2025-02-28,paid,500.0,50.0,550.0,1,500.0,0.0,500.0,1,1,0,550.0,1.1,paid,wire,2025-02-13,0.0,true
I7181,S6043,A1038,2025-03-01,2025-03-01,2025-03-15,2025-03-01,2025-03-31,paid,500.0,50.0,550.0,1,500.0,0.0,500.0,1,1,0,550.0,1.1,paid,wire,2025-03-10,0.0,true
I7182,S6043,A1038,2025-04-01,2025-04-01,2025-04-15,2025-04-01,2025-04-30,paid,500.0,50.0,550.0,1,500.0,0.0,500.0,1,1,0,550.0,1.1,paid,wire,2025-04-08,0.0,true
I7183,S6043,A1038,2025-05-01,2025-05-01,2025-05-15,2025-05-01,2025-05-31,paid,500.0,50.0,550.0,1,500.0,0.0,500.0,1,1,0,550.0,1.1,paid,wire,2025-05-11,0.0,true
I7184,S6043,A1038,2025-06-01,2025-06-01,2025-06-15,2025-06-01,2025-06-30,paid,500.0,50.0,550.0,1,500.0,0.0,500.0,1,1,0,550.0,16.25,paid,card,2025-06-12,0.0,true
I7185,S6044,A1039,2025-03-01,2025-03-01,2025-03-15,2025-03-01,2025-03-31,paid,500.0,100.0,600.0,1,500.0,0.0,500.0,1,1,0,600.0,1.2,paid,wire,2025-03-14,0.0,true
I7186,S6044,A1039,2025-04-01,2025-04-01,2025-04-15,2025-04-01,2025-04-30,paid,500.0,100.0,600.0,1,500.0,0.0,500.0,2,1,1,600.0,17.7,failed,wire,2025-04-15,0.0,true
I7187,S6044,A1039,2025-05-01,2025-05-01,2025-05-15,2025-05-01,2025-05-31,paid,500.0,100.0,600.0,1,500.0,0.0,500.0,1,1,0,600.0,1.2,paid,wire,2025-05-09,0.0,true
I7188,S6044,A1039,2025-06-01,2025-06-01,2025-06-15,2025-06-01,2025-06-30,paid,500.0,100.0,600.0,1,500.0,0.0,500.0,1,1,0,600.0,17.7,paid,card,2025-06-11,0.0,true
I7189,S6045,A1040,2025-01-01,2025-01-01,2025-01-15,2025-01-01,2025-01-31,paid,1500.0,135.0,1635.0,1,1500.0,0.0,1500.0,1,1,0,1635.0,47.71,paid,card,2025-01-09,0.0,true
I7190,S6045,A1040,2025-02-01,2025-02-01,2025-02-15,2025-02-01,2025-02-28,paid,1500.0,135.0,1635.0,1,1500.0,0.0,1500.0,1,1,0,1635.0,47.71,paid,card,2025-02-09,0.0,true
I7191,S6045,A1040,2025-03-01,2025-03-01,2025-03-15,2025-03-01,2025-03-31,paid,1500.0,135.0,1635.0,1,1500.0,0.0,1500.0,1,1,0,1635.0,47.71,paid,card,2025-03-06,0.0,true
I7192,S6045,A1040,2025-04-01,2025-04-01,2025-04-15,2025-04-01,2025-04-30,paid,1500.0,135.0,1635.0,1,1500.0,0.0,1500.0,1,1,0,1635.0,47.71,paid,card,2025-04-13,0.0,true
I7193,S6046,A1040,2025-05-01,2025-05-01,2025-05-15,2025-05-01,2025-05-31,paid,2600.0,234.0,2834.0,1,2600.0,0.0,2600.0,2,1,1,2834.0,5.67,failed,card,2025-05-15,0.0,true
I7194,S6046,A1040,2025-06-01,2025-06-01,2025-06-15,2025-06-01,2025-06-30,paid,2600.0,234.0,2834.0,1,2600.0,0.0,2600.0,1,1,0,2834.0,82.49,paid,card,2025-06-08,0.0,true
I7195,S6047,A1041,2025-01-01,2025-01-01,2025-01-15,2025-01-01,2025-01-31,paid,500.0,100.0,600.0,1,500.0,0.0,500.0,1,1,0,600.0,1.2,paid,wire,2025-01-05,0.0,true
I7196,S6047,A1041,2025-02-01,2025-02-01,2025-02-15,2025-02-01,2025-02-28,paid,500.0,100.0,600.0,1,500.0,0.0,500.0,1,1,0,600.0,1.2,paid,wire,2025-02-14,0.0,true
I7197,S6047,A1041,2025-03-01,2025-03-01,2025-03-15,2025-03-01,2025-03-31,paid,500.0,100.0,600.0,1,500.0,0.0,500.0,1,1,0,600.0,17.7,paid,card,2025-03-12,0.0,true
I7198,S6047,A1041,2025-04-01,2025-04-01,2025-04-15,2025-04-01,2025-04-30,paid,500.0,100.0,600.0,1,500.0,0.0,500.0,1,1,0,600.0,1.2,paid,wire,2025-04-06,0.0,true
I7199,S6048,A1041,2025-05-01,2025-05-01,2025-05-15,2025-05-01,2025-05-31,paid,1500.0,300.0,1800.0,1,1500.0,0.0,1500.0,2,1,1,1800.0,52.5,failed,wire,2025-05-15,0.0,true
I7200,S6048,A1041,2025-06-01,2025-06-01,2025-06-15,2025-06-01,2025-06-30,paid,1500.0,300.0,1800.0,1,1500.0,0.0,1500.0,1,1,0,1800.0,3.6,paid,wire,2025-06-11,0.0,true
I7201,S6049,A1042,2025-01-01,2025-01-01,2025-01-15,2025-01-01,2025-01-31,paid,1500.0,150.0,1650.0,1,1500.0,0.0,1500.0,1,1,0,1650.0,3.3,paid,wire,2025-01-06,0.0,true
I7202,S6049,A1042,2025-02-01,2025-02-01,2025-02-15,2025-02-01,2025-02-28,paid,1500.0,150.0,1650.0,1,1500.0,0.0,1500.0,1,1,0,1650.0,48.15,paid,card,2025-02-08,0.0,true
I7203,S6049,A1042,2025-03-01,2025-03-01,2025-03-15,2025-03-01,2025-03-31,paid,1500.0,150.0,1650.0,1,1500.0,0.0,1500.0,1,1,0,1650.0,3.3,paid,wire,2025-03-12,0.0,true
I7204,S6049,A1042,2025-04-01,2025-04-01,2025-04-15,2025-04-01,2025-04-30,paid,1500.0,150.0,1650.0,1,1500.0,0.0,1500.0,1,1,0,1650.0,3.3,paid,wire,2025-04-09,0.0,true
I7205,S6049,A1042,2025-05-01,2025-05-01,2025-05-15,2025-05-01,2025-05-31,paid,1500.0,150.0,1650.0,1,1500.0,0.0,1500.0,1,1,0,1650.0,48.15,paid,card,2025-05-05,0.0,true
I7206,S6049,A1042,2025-06-01,2025-06-01,2025-06-15,2025-06-01,2025-06-30,paid,1500.0,150.0,1650.0,1,1500.0,0.0,1500.0,1,1,0,1650.0,3.3,paid,wire,2025-06-08,0.0,true
I7207,S6050,A1043,2025-01-01,2025-01-01,2025-01-15,2025-01-01,2025-01-31,paid,2600.0,234.0,2834.0,1,2600.0,0.0,2600.0,1,1,0,2834.0,22.67,paid,ach,2025-01-08,0.0,true
I7208,S6050,A1043,2025-02-01,2025-02-01,2025-02-15,2025-02-01,2025-02-28,paid,2600.0,234.0,2834.0,1,2600.0,0.0,2600.0,1,1,0,2834.0,22.67,paid,ach,2025-02-06,0.0,true
I7209,S6050,A1043,2025-03-01,2025-03-01,2025-03-15,2025-03-01,2025-03-31,paid,2600.0,234.0,2834.0,1,2600.0,0.0,2600.0,1,1,0,2834.0,22.67,paid,ach,2025-03-08,0.0,true
I7210,S6050,A1043,2025-04-01,2025-04-01,2025-04-15,2025-04-01,2025-04-30,paid,2600.0,234.0,2834.0,1,2600.0,0.0,2600.0,1,1,0,2834.0,22.67,paid,ach,2025-04-14,0.0,true
I7211,S6050,A1043,2025-05-01,2025-05-01,2025-05-15,2025-05-01,2025-05-31,paid,2600.0,234.0,2834.0,1,2600.0,0.0,2600.0,1,1,0,2834.0,22.67,paid,ach,2025-05-09,0.0,true
I7212,S6050,A1043,2025-06-01,2025-06-01,2025-06-15,2025-06-01,2025-06-30,paid,2600.0,234.0,2834.0,1,2600.0,0.0,2600.0,1,1,0,2834.0,5.67,paid,wire,2025-06-08,0.0,true
I7213,S6051,A1044,2025-01-01,2025-01-01,2025-01-15,2025-01-01,2025-01-31,paid,500.0,100.0,600.0,1,500.0,0.0,500.0,1,1,0,600.0,17.7,paid,card,2025-01-09,0.0,true
I7214,S6051,A1044,2025-02-01,2025-02-01,2025-02-15,2025-02-01,2025-02-28,paid,500.0,100.0,600.0,1,500.0,0.0,500.0,1,1,0,600.0,1.2,paid,wire,2025-02-05,0.0,true
I7215,S6051,A1044,2025-03-01,2025-03-01,2025-03-15,2025-03-01,2025-03-31,paid,500.0,100.0,600.0,1,500.0,0.0,500.0,1,1,0,600.0,1.2,paid,wire,2025-03-05,0.0,true
I7216,S6051,A1044,2025-04-01,2025-04-01,2025-04-15,2025-04-01,2025-04-30,paid,500.0,100.0,600.0,1,500.0,0.0,500.0,1,1,0,600.0,17.7,paid,card,2025-04-06,0.0,true
I7217,S6052,A1044,2025-05-01,2025-05-01,2025-05-15,2025-05-01,2025-05-31,paid,1500.0,300.0,1800.0,1,1500.0,0.0,1500.0,1,1,0,1800.0,52.5,paid,card,2025-05-06,0.0,true
I7218,S6052,A1044,2025-06-01,2025-06-01,2025-06-15,2025-06-01,2025-06-30,paid,1500.0,300.0,1800.0,1,1500.0,0.0,1500.0,1,1,0,1800.0,52.5,paid,card,2025-06-14,0.0,true
I7219,S6053,A1045,2025-01-01,2025-01-01,2025-01-15,2025-01-01,2025-12-31,paid,25650.0,0.0,25650.0,1,25650.0,0.0,25650.0,1,1,0,25650.0,15.0,paid,wire,2025-01-10,0.0,true
I7220,S6054,A1046,2025-01-01,2025-01-01,2025-01-15,2025-01-01,2025-01-31,paid,1200.0,0.0,1200.0,1,1200.0,0.0,1200.0,1,1,0,1200.0,9.6,paid,ach,2025-01-12,0.0,true
I7221,S6054,A1046,2025-02-01,2025-02-01,2025-02-15,2025-02-01,2025-02-28,paid,1200.0,0.0,1200.0,1,1200.0,0.0,1200.0,1,1,0,1200.0,9.6,paid,ach,2025-02-13,0.0,true
I7222,S6054,A1046,2025-03-01,2025-03-01,2025-03-15,2025-03-01,2025-03-31,paid,1200.0,0.0,1200.0,1,1200.0,0.0,1200.0,1,1,0,1200.0,9.6,paid,ach,2025-03-14,0.0,true
I7223,S6054,A1046,2025-04-01,2025-04-01,2025-04-15,2025-04-01,2025-04-30,paid,1200.0,0.0,1200.0,1,1200.0,0.0,1200.0,1,1,0,1200.0,35.1,paid,card,2025-04-11,0.0,true
I7224,S6054,A1046,2025-05-01,2025-05-01,2025-05-15,2025-05-01,2025-05-31,paid,1200.0,0.0,1200.0,1,1200.0,0.0,1200.0,1,1,0,1200.0,9.6,paid,ach,2025-05-11,0.0,true
I7225,S6054,A1046,2025-06-01,2025-06-01,2025-06-15,2025-06-01,2025-06-30,paid,1200.0,0.0,1200.0,1,1200.0,0.0,1200.0,1,1,0,1200.0,9.6,paid,ach,2025-06-07,0.0,true
I7226,S6055,A1047,2025-01-01,2025-01-01,2025-01-15,2025-01-01,2025-12-31,paid,25650.0,2565.0,28215.0,1,25650.0,0.0,25650.0,1,1,0,28215.0,818.53,paid,card,2025-01-07,0.0,true
I7227,S6056,A1048,2025-03-01,2025-03-01,2025-03-15,2025-03-01,2025-12-31,paid,24300.0,2430.0,26730.0,1,24300.0,0.0,24300.0,1,1,0,26730.0,213.84,paid,ach,2025-03-07,0.0,true
I7228,S6057,A1049,2025-01-01,2025-01-01,2025-01-15,2025-01-01,2025-12-31,paid,25800.0,0.0,25800.0,2,24300.0,1500.0,24300.0,1,1,0,25800.0,206.4,paid,ach,2025-01-07,0.0,true
I7229,S6058,A1050,2025-03-01,2025-03-01,2025-03-15,2025-03-01,2025-03-31,paid,750.0,75.0,825.0,2,500.0,250.0,500.0,1,1,0,825.0,24.23,paid,card,2025-03-07,0.0,true
I7230,S6058,A1050,2025-04-01,2025-04-01,2025-04-15,2025-04-01,2025-04-30,paid,500.0,50.0,550.0,1,500.0,0.0,500.0,1,1,0,550.0,1.1,paid,wire,2025-04-12,0.0,true
I7231,S6058,A1050,2025-05-01,2025-05-01,2025-05-15,2025-05-01,2025-05-31,paid,500.0,50.0,550.0,1,500.0,0.0,500.0,1,1,0,550.0,1.1,paid,wire,2025-05-13,0.0,true
I7232,S6058,A1050,2025-06-01,2025-06-01,2025-06-15,2025-06-01,2025-06-30,paid,500.0,50.0,550.0,1,500.0,0.0,500.0,1,1,0,550.0,16.25,paid,card,2025-06-12,0.0,true
I7233,S6059,A1051,2025-03-01,2025-03-01,2025-03-15,2025-03-01,2025-03-31,paid,1500.0,300.0,1800.0,1,1500.0,0.0,1500.0,1,1,0,1800.0,3.6,paid,wire,2025-03-05,0.0,true
I7234,S6059,A1051,2025-04-01,2025-04-01,2025-04-15,2025-04-01,2025-04-30,paid,1500.0,300.0,1800.0,1,1500.0,0.0,1500.0,1,1,0,1800.0,3.6,paid,wire,2025-04-10,0.0,true
I7235,S6059,A1051,2025-05-01,2025-05-01,2025-05-15,2025-05-01,2025-05-31,paid,1500.0,300.0,1800.0,1,1500.0,0.0,1500.0,1,1,0,1800.0,52.5,paid,card,2025-05-07,0.0,true
I7236,S6059,A1051,2025-06-01,2025-06-01,2025-06-15,2025-06-01,2025-06-30,paid,1500.0,300.0,1800.0,1,1500.0,0.0,1500.0,1,1,0,1800.0,52.5,paid,card,2025-06-11,0.0,true
I7237,S6060,A1052,2025-01-01,2025-01-01,2025-01-15,2025-01-01,2025-01-31,paid,1425.0,142.5,1567.5,1,1425.0,0.0,1425.0,1,1,0,1567.5,45.76,paid,card,2025-01-10,0.0,true
I7238,S6060,A1052,2025-02-01,2025-02-01,2025-02-15,2025-02-01,2025-02-28,paid,1425.0,142.5,1567.5,1,1425.0,0.0,1425.0,1,1,0,1567.5,45.76,paid,card,2025-02-11,0.0,true
I7239,S6060,A1052,2025-03-01,2025-03-01,2025-03-15,2025-03-01,2025-03-31,paid,1425.0,142.5,1567.5,1,1425.0,0.0,1425.0,1,1,0,1567.5,45.76,paid,card,2025-03-13,0.0,true
I7240,S6060,A1052,2025-04-01,2025-04-01,2025-04-15,2025-04-01,2025-04-30,paid,1425.0,142.5,1567.5,1,1425.0,0.0,1425.0,1,1,0,1567.5,45.76,paid,card,2025-04-07,0.0,true
I7241,S6060,A1052,2025-05-01,2025-05-01,2025-05-15,2025-05-01,2025-05-31,paid,1425.0,142.5,1567.5,1,1425.0,0.0,1425.0,1,1,0,1567.5,45.76,paid,card,2025-05-06,0.0,true
I7242,S6060,A1052,2025-06-01,2025-06-01,2025-06-15,2025-06-01,2025-06-30,paid,1425.0,142.5,1567.5,1,1425.0,0.0,1425.0,1,1,0,1567.5,3.14,paid,wire,2025-06-10,0.0,true
I7243,S6061,A1053,2025-01-01,2025-01-01,2025-01-15,2025-01-01,2025-01-31,paid,1500.0,0.0,1500.0,1,1500.0,0.0,1500.0,1,1,0,1500.0,43.8,paid,card,2025-01-12,0.0,true
I7244,S6061,A1053,2025-02-01,2025-02-01,2025-02-15,2025-02-01,2025-02-28,paid,1500.0,0.0,1500.0,1,1500.0,0.0,1500.0,1,1,0,1500.0,12.0,paid,ach,2025-02-14,0.0,true
I7245,S6061,A1053,2025-03-01,2025-03-01,2025-03-15,2025-03-01,2025-03-31,paid,1500.0,0.0,1500.0,1,1500.0,0.0,1500.0,1,1,0,1500.0,43.8,paid,card,2025-03-07,0.0,true
I7246,S6061,A1053,2025-04-01,2025-04-01,2025-04-15,2025-04-01,2025-04-30,paid,1500.0,0.0,1500.0,1,1500.0,0.0,1500.0,1,1,0,1500.0,43.8,paid,card,2025-04-14,0.0,true
I7247,S6061,A1053,2025-05-01,2025-05-01,2025-05-15,2025-05-01,2025-05-31,paid,1500.0,0.0,1500.0,1,1500.0,0.0,1500.0,1,1,0,1500.0,12.0,paid,ach,2025-05-14,0.0,true
I7248,S6061,A1053,2025-06-01,2025-06-01,2025-06-15,2025-06-01,2025-06-30,paid,1500.0,0.0,1500.0,1,1500.0,0.0,1500.0,1,1,0,1500.0,12.0,paid,ach,2025-06-14,0.0,true
I7249,S6062,A1054,2025-01-01,2025-01-01,2025-01-15,2025-01-01,2025-01-31,paid,2470.0,247.0,2717.0,1,2470.0,0.0,2470.0,2,1,1,2717.0,79.09,failed,card,2025-01-15,0.0,true
I7250,S6062,A1054,2025-02-01,2025-02-01,2025-02-15,2025-02-01,2025-02-28,paid,2470.0,247.0,2717.0,1,2470.0,0.0,2470.0,1,1,0,2717.0,5.43,paid,wire,2025-02-12,0.0,true
I7251,S6062,A1054,2025-03-01,2025-03-01,2025-03-15,2025-03-01,2025-03-31,paid,2470.0,247.0,2717.0,1,2470.0,0.0,2470.0,1,1,0,2717.0,79.09,paid,card,2025-03-09,0.0,true
I7252,S6062,A1054,2025-04-01,2025-04-01,2025-04-15,2025-04-01,2025-04-30,paid,2470.0,247.0,2717.0,1,2470.0,0.0,2470.0,1,1,0,2717.0,79.09,paid,card,2025-04-08,0.0,true
I7253,S6062,A1054,2025-05-01,2025-05-01,2025-05-15,2025-05-01,2025-05-31,paid,2470.0,247.0,2717.0,1,2470.0,0.0,2470.0,1,1,0,2717.0,5.43,paid,wire,2025-05-07,0.0,true
I7254,S6062,A1054,2025-06-01,2025-06-01,2025-06-15,2025-06-01,2025-06-30,paid,2470.0,247.0,2717.0,1,2470.0,0.0,2470.0,1,1,0,2717.0,79.09,paid,card,2025-06-08,0.0,true
I7255,S6063,A1055,2025-02-01,2025-02-01,2025-02-15,2025-02-01,2025-02-28,paid,1500.0,300.0,1800.0,1,1500.0,0.0,1500.0,1,1,0,1800.0,52.5,paid,card,2025-02-12,0.0,true
I7256,S6063,A1055,2025-03-01,2025-03-01,2025-03-15,2025-03-01,2025-03-31,paid,1500.0,300.0,1800.0,1,1500.0,0.0,1500.0,1,1,0,1800.0,52.5,paid,card,2025-03-10,0.0,true
I7257,S6063,A1055,2025-04-01,2025-04-01,2025-04-15,2025-04-01,2025-04-30,paid,1500.0,300.0,1800.0,1,1500.0,0.0,1500.0,1,1,0,1800.0,3.6,paid,wire,2025-04-13,0.0,true
I7258,S6063,A1055,2025-05-01,2025-05-01,2025-05-15,2025-05-01,2025-05-31,paid,1500.0,300.0,1800.0,1,1500.0,0.0,1500.0,1,1,0,1800.0,52.5,paid,card,2025-05-08,0.0,true
I7259,S6063,A1055,2025-06-01,2025-06-01,2025-06-15,2025-06-01,2025-06-30,past_due,1500.0,300.0,1800.0,1,1500.0,0.0,1500.0,1,0,1,0.0,0.0,failed,card,2025-06-20,1800.0,false
I7260,S6064,A1056,2025-01-01,2025-01-01,2025-01-15,2025-01-01,2025-01-31,paid,1500.0,150.0,1650.0,1,1500.0,0.0,1500.0,1,1,0,1650.0,3.3,paid,wire,2025-01-13,0.0,true
I7261,S6064,A1056,2025-02-01,2025-02-01,2025-02-15,2025-02-01,2025-02-28,paid,1500.0,150.0,1650.0,1,1500.0,0.0,1500.0,1,1,0,1650.0,48.15,paid,card,2025-02-11,0.0,true
I7262,S6064,A1056,2025-03-01,2025-03-01,2025-03-15,2025-03-01,2025-03-31,paid,1500.0,150.0,1650.0,1,1500.0,0.0,1500.0,1,1,0,1650.0,48.15,paid,card,2025-03-09,0.0,true
I7263,S6064,A1056,2025-04-01,2025-04-01,2025-04-15,2025-04-01,2025-04-30,paid,1500.0,150.0,1650.0,1,1500.0,0.0,1500.0,1,1,0,1650.0,3.3,paid,wire,2025-04-05,0.0,true
I7264,S6064,A1056,2025-05-01,2025-05-01,2025-05-15,2025-05-01,2025-05-31,paid,1500.0,150.0,1650.0,1,1500.0,0.0,1500.0,2,1,1,1650.0,48.15,failed,wire,2025-05-15,0.0,true
I7265,S6064,A1056,2025-06-01,2025-06-01,2025-06-15,2025-06-01,2025-06-30,paid,1500.0,150.0,1650.0,1,1500.0,0.0,1500.0,1,1,0,1650.0,3.3,paid,wire,2025-06-12,0.0,true
I7266,S6065,A1057,2025-01-01,2025-01-01,2025-01-15,2025-01-01,2025-12-31,paid,21600.0,2160.0,23760.0,1,21600.0,0.0,21600.0,1,1,0,23760.0,15.0,paid,wire,2025-01-09,0.0,true
I7267,S6066,A1058,2025-02-01,2025-02-01,2025-02-15,2025-02-01,2025-02-28,paid,500.0,100.0,600.0,1,500.0,0.0,500.0,1,1,0,600.0,1.2,paid,wire,2025-02-14,0.0,true
I7268,S6066,A1058,2025-03-01,2025-03-01,2025-03-15,2025-03-01,2025-03-31,paid,500.0,100.0,600.0,1,500.0,0.0,500.0,1,1,0,600.0,17.7,paid,card,2025-03-06,0.0,true
I7269,S6066,A1058,2025-04-01,2025-04-01,2025-04-15,2025-04-01,2025-04-30,paid,500.0,100.0,600.0,1,500.0,0.0,500.0,2,1,1,600.0,17.7,failed,card,2025-04-15,0.0,true
I7270,S6066,A1058,2025-05-01,2025-05-01,2025-05-15,2025-05-01,2025-05-31,paid,500.0,100.0,600.0,1,500.0,0.0,500.0,1,1,0,600.0,17.7,paid,card,2025-05-05,0.0,true
I7271,S6066,A1058,2025-06-01,2025-06-01,2025-06-15,2025-06-01,2025-06-30,paid,500.0,100.0,600.0,1,500.0,0.0,500.0,1,1,0,600.0,17.7,paid,card,2025-06-10,0.0,true
I7272,S6067,A1059,2025-01-01,2025-01-01,2025-01-15,2025-01-01,2025-01-31,paid,1500.0,0.0,1500.0,1,1500.0,0.0,1500.0,1,1,0,1500.0,12.0,paid,ach,2025-01-10,0.0,true
I7273,S6067,A1059,2025-02-01,2025-02-01,2025-02-15,2025-02-01,2025-02-28,paid,1500.0,0.0,1500.0,1,1500.0,0.0,1500.0,1,1,0,1500.0,12.0,paid,ach,2025-02-13,0.0,true
I7274,S6067,A1059,2025-03-01,2025-03-01,2025-03-15,2025-03-01,2025-03-31,paid,1500.0,0.0,1500.0,1,1500.0,0.0,1500.0,2,1,1,1500.0,43.8,failed,ach,2025-03-15,0.0,true
I7275,S6068,A1059,2025-04-01,2025-04-01,2025-04-15,2025-04-01,2025-04-30,paid,2480.0,0.0,2480.0,2,2080.0,400.0,2080.0,1,1,0,2480.0,19.84,paid,ach,2025-04-10,0.0,true
I7276,S6068,A1059,2025-05-01,2025-05-01,2025-05-15,2025-05-01,2025-05-31,paid,2080.0,0.0,2080.0,1,2080.0,0.0,2080.0,1,1,0,2080.0,16.64,paid,ach,2025-05-11,0.0,true
I7277,S6068,A1059,2025-06-01,2025-06-01,2025-06-15,2025-06-01,2025-06-30,paid,2080.0,0.0,2080.0,1,2080.0,0.0,2080.0,1,1,0,2080.0,16.64,paid,ach,2025-06-05,0.0,true
I7278,S6069,A1060,2025-01-01,2025-01-01,2025-01-15,2025-01-01,2025-01-31,paid,1500.0,0.0,1500.0,1,1500.0,0.0,1500.0,1,1,0,1500.0,12.0,paid,ach,2025-01-07,0.0,true
I7279,S6069,A1060,2025-02-01,2025-02-01,2025-02-15,2025-02-01,2025-02-28,paid,1500.0,0.0,1500.0,1,1500.0,0.0,1500.0,1,1,0,1500.0,12.0,paid,ach,2025-02-08,0.0,true
I7280,S6069,A1060,2025-03-01,2025-03-01,2025-03-15,2025-03-01,2025-03-31,paid,1500.0,0.0,1500.0,1,1500.0,0.0,1500.0,1,1,0,1500.0,12.0,paid,ach,2025-03-09,0.0,true
I7281,S6069,A1060,2025-04-01,2025-04-01,2025-04-15,2025-04-01,2025-04-30,paid,1500.0,0.0,1500.0,1,1500.0,0.0,1500.0,1,1,0,1500.0,12.0,paid,ach,2025-04-13,0.0,true
I7282,S6069,A1060,2025-05-01,2025-05-01,2025-05-15,2025-05-01,2025-05-31,paid,1500.0,0.0,1500.0,1,1500.0,0.0,1500.0,2,1,1,1500.0,12.0,failed,ach,2025-05-15,0.0,true
I7283,S6069,A1060,2025-06-01,2025-06-01,2025-06-15,2025-06-01,2025-06-30,past_due,1500.0,0.0,1500.0,1,1500.0,0.0,1500.0,1,0,1,0.0,0.0,failed,ach,2025-06-22,1500.0,false
I7284,S6070,A1061,2025-03-01,2025-03-01,2025-03-15,2025-03-01,2025-03-31,paid,2470.0,494.0,2964.0,1,2470.0,0.0,2470.0,1,1,0,2964.0,23.71,paid,ach,2025-03-05,0.0,true
I7285,S6070,A1061,2025-04-01,2025-04-01,2025-04-15,2025-04-01,2025-04-30,paid,2470.0,494.0,2964.0,1,2470.0,0.0,2470.0,1,1,0,2964.0,5.93,paid,wire,2025-04-05,0.0,true
I7286,S6070,A1061,2025-05-01,2025-05-01,2025-05-15,2025-05-01,2025-05-31,paid,2470.0,494.0,2964.0,1,2470.0,0.0,2470.0,1,1,0,2964.0,23.71,paid,ach,2025-05-13,0.0,true
I7287,S6070,A1061,2025-06-01,2025-06-01,2025-06-15,2025-06-01,2025-06-30,paid,2470.0,494.0,2964.0,1,2470.0,0.0,2470.0,1,1,0,2964.0,5.93,paid,wire,2025-06-08,0.0,true
I7288,S6071,A1062,2025-01-01,2025-01-01,2025-01-15,2025-01-01,2025-01-31,paid,2600.0,520.0,3120.0,1,2600.0,0.0,2600.0,2,1,1,3120.0,6.24,failed,ach,2025-01-15,0.0,true
I7289,S6071,A1062,2025-02-01,2025-02-01,2025-02-15,2025-02-01,2025-02-28,paid,2600.0,520.0,3120.0,1,2600.0,0.0,2600.0,1,1,0,3120.0,6.24,paid,wire,2025-02-05,0.0,true
I7290,S6071,A1062,2025-03-01,2025-03-01,2025-03-15,2025-03-01,2025-03-31,paid,2600.0,520.0,3120.0,1,2600.0,0.0,2600.0,1,1,0,3120.0,24.96,paid,ach,2025-03-09,0.0,true
I7291,S6071,A1062,2025-04-01,2025-04-01,2025-04-15,2025-04-01,2025-04-30,paid,2600.0,520.0,3120.0,1,2600.0,0.0,2600.0,1,1,0,3120.0,6.24,paid,wire,2025-04-11,0.0,true
I7292,S6071,A1062,2025-05-01,2025-05-01,2025-05-15,2025-05-01,2025-05-31,paid,2600.0,520.0,3120.0,1,2600.0,0.0,2600.0,1,1,0,3120.0,6.24,paid,wire,2025-05-14,0.0,true
I7293,S6071,A1062,2025-06-01,2025-06-01,2025-06-15,2025-06-01,2025-06-30,paid,2600.0,520.0,3120.0,1,2600.0,0.0,2600.0,1,1,0,3120.0,24.96,paid,ach,2025-06-11,0.0,true
I7294,S6072,A1063,2025-01-01,2025-01-01,2025-01-15,2025-01-01,2025-01-31,paid,700.0,0.0,700.0,2,400.0,300.0,400.0,2,1,1,700.0,20.6,failed,card,2025-01-15,0.0,true
I7295,S6072,A1063,2025-02-01,2025-02-01,2025-02-15,2025-02-01,2025-02-28,paid,400.0,0.0,400.0,1,400.0,0.0,400.0,1,1,0,400.0,3.2,paid,ach,2025-02-11,0.0,true
I7296,S6072,A1063,2025-03-01,2025-03-01,2025-03-15,2025-03-01,2025-03-31,paid,400.0,0.0,400.0,1,400.0,0.0,400.0,1,1,0,400.0,11.9,paid,card,2025-03-08,0.0,true
I7297,S6072,A1063,2025-04-01,2025-04-01,2025-04-15,2025-04-01,2025-04-30,paid,400.0,0.0,400.0,1,400.0,0.0,400.0,1,1,0,400.0,3.2,paid,ach,2025-04-09,0.0,true
I7298,S6072,A1063,2025-05-01,2025-05-01,2025-05-15,2025-05-01,2025-05-31,paid,400.0,0.0,400.0,1,400.0,0.0,400.0,1,1,0,400.0,11.9,paid,card,2025-05-14,0.0,true
I7300,S6073,A1064,2025-01-01,2025-01-01,2025-01-15,2025-01-01,2025-01-31,paid,400.0,0.0,400.0,1,400.0,0.0,400.0,2,1,1,400.0,11.9,failed,ach,2025-01-15,0.0,true
I7301,S6073,A1064,2025-02-01,2025-02-01,2025-02-15,2025-02-01,2025-02-28,paid,400.0,0.0,400.0,1,400.0,0.0,400.0,1,1,0,400.0,3.2,paid,ach,2025-02-05,0.0,true
I7302,S6073,A1064,2025-03-01,2025-03-01,2025-03-15,2025-03-01,2025-03-31,paid,400.0,0.0,400.0,1,400.0,0.0,400.0,1,1,0,400.0,3.2,paid,ach,2025-03-10,0.0,true
I7303,S6073,A1064,2025-04-01,2025-04-01,2025-04-15,2025-04-01,2025-04-30,paid,400.0,0.0,400.0,1,400.0,0.0,400.0,1,1,0,400.0,11.9,paid,card,2025-04-11,0.0,true
I7304,S6073,A1064,2025-05-01,2025-05-01,2025-05-15,2025-05-01,2025-05-31,paid,400.0,0.0,400.0,1,400.0,0.0,400.0,1,1,0,400.0,3.2,paid,ach,2025-05-11,0.0,true
I7305,S6073,A1064,2025-06-01,2025-06-01,2025-06-15,2025-06-01,2025-06-30,paid,400.0,0.0,400.0,1,400.0,0.0,400.0,1,1,0,400.0,3.2,paid,ach,2025-06-13,0.0,true
I7306,S6074,A1065,2025-01-01,2025-01-01,2025-01-15,2025-01-01,2025-01-31,paid,1500.0,0.0,1500.0,1,1500.0,0.0,1500.0,1,1,0,1500.0,43.8,paid,card,2025-01-08,0.0,true
I7307,S6074,A1065,2025-02-01,2025-02-01,2025-02-15,2025-02-01,2025-02-28,paid,1500.0,0.0,1500.0,1,1500.0,0.0,1500.0,1,1,0,1500.0,12.0,paid,ach,2025-02-05,0.0,true
I7308,S6074,A1065,2025-03-01,2025-03-01,2025-03-15,2025-03-01,2025-03-31,paid,1500.0,0.0,1500.0,1,1500.0,0.0,1500.0,1,1,0,1500.0,12.0,paid,ach,2025-03-05,0.0,true
I7309,S6074,A1065,2025-04-01,2025-04-01,2025-04-15,2025-04-01,2025-04-30,paid,1500.0,0.0,1500.0,1,1500.0,0.0,1500.0,1,1,0,1500.0,43.8,paid,card,2025-04-09,0.0,true
I7310,S6074,A1065,2025-05-01,2025-05-01,2025-05-15,2025-05-01,2025-05-31,paid,1500.0,0.0,1500.0,1,1500.0,0.0,1500.0,1,1,0,1500.0,43.8,paid,card,2025-05-07,0.0,true
I7311,S6074,A1065,2025-06-01,2025-06-01,2025-06-15,2025-06-01,2025-06-30,paid,1500.0,0.0,1500.0,1,1500.0,0.0,1500.0,1,1,0,1500.0,12.0,paid,ach,2025-06-11,0.0,true
I7312,S6075,A1066,2025-02-01,2025-02-01,2025-02-15,2025-02-01,2025-02-28,paid,2600.0,260.0,2860.0,1,2600.0,0.0,2600.0,1,1,0,2860.0,5.72,paid,wire,2025-02-05,0.0,true
I7313,S6075,A1066,2025-03-01,2025-03-01,2025-03-15,2025-03-01,2025-03-31,paid,2600.0,260.0,2860.0,1,2600.0,0.0,2600.0,1,1,0,2860.0,5.72,paid,wire,2025-03-06,0.0,true
I7314,S6075,A1066,2025-04-01,2025-04-01,2025-04-15,2025-04-01,2025-04-30,paid,2600.0,260.0,2860.0,1,2600.0,0.0,2600.0,1,1,0,2860.0,5.72,paid,wire,2025-04-08,0.0,true
I7315,S6075,A1066,2025-05-01,2025-05-01,2025-05-15,2025-05-01,2025-05-31,paid,2600.0,260.0,2860.0,1,2600.0,0.0,2600.0,1,1,0,2860.0,83.24,paid,card,2025-05-05,0.0,true
I7317,S6076,A1067,2025-01-01,2025-01-01,2025-01-15,2025-01-01,2025-01-31,paid,1500.0,0.0,1500.0,1,1500.0,0.0,1500.0,1,1,0,1500.0,12.0,paid,ach,2025-01-08,0.0,true
I7318,S6076,A1067,2025-02-01,2025-02-01,2025-02-15,2025-02-01,2025-02-28,paid,1500.0,0.0,1500.0,1,1500.0,0.0,1500.0,1,1,0,1500.0,43.8,paid,card,2025-02-13,0.0,true
I7319,S6076,A1067,2025-03-01,2025-03-01,2025-03-15,2025-03-01,2025-03-31,paid,1500.0,0.0,1500.0,1,1500.0,0.0,1500.0,1,1,0,1500.0,12.0,paid,ach,2025-03-14,0.0,true
I7320,S6076,A1067,2025-04-01,2025-04-01,2025-04-15,2025-04-01,2025-04-30,paid,1500.0,0.0,1500.0,1,1500.0,0.0,1500.0,1,1,0,1500.0,43.8,paid,card,2025-04-07,0.0,true
I7321,S6076,A1067,2025-05-01,2025-05-01,2025-05-15,2025-05-01,2025-05-31,paid,1500.0,0.0,1500.0,1,1500.0,0.0,1500.0,1,1,0,1500.0,12.0,paid,ach,2025-05-11,0.0,true
I7322,S6076,A1067,2025-06-01,2025-06-01,2025-06-15,2025-06-01,2025-06-30,paid,1500.0,0.0,1500.0,1,1500.0,0.0,1500.0,1,1,0,1500.0,43.8,paid,card,2025-06-11,0.0,true
I7323,S6077,A1068,2025-01-01,2025-01-01,2025-01-15,2025-01-01,2025-01-31,paid,2850.0,256.5,3106.5,2,2600.0,250.0,2600.0,1,1,0,3106.5,90.39,paid,card,2025-01-09,0.0,true
I7324,S6077,A1068,2025-02-01,2025-02-01,2025-02-15,2025-02-01,2025-02-28,paid,2600.0,234.0,2834.0,1,2600.0,0.0,2600.0,1,1,0,2834.0,22.67,paid,ach,2025-02-08,0.0,true
I7325,S6077,A1068,2025-03-01,2025-03-01,2025-03-15,2025-03-01,2025-03-31,paid,2600.0,234.0,2834.0,1,2600.0,0.0,2600.0,1,1,0,2834.0,5.67,paid,wire,2025-03-09,0.0,true
I7326,S6077,A1068,2025-04-01,2025-04-01,2025-04-15,2025-04-01,2025-04-30,paid,2600.0,234.0,2834.0,1,2600.0,0.0,2600.0,1,1,0,2834.0,5.67,paid,wire,2025-04-12,0.0,true
I7327,S6077,A1068,2025-05-01,2025-05-01,2025-05-15,2025-05-01,2025-05-31,paid,2600.0,234.0,2834.0,1,2600.0,0.0,2600.0,1,1,0,2834.0,82.49,paid,card,2025-05-05,0.0,true
I7329,S6078,A1069,2025-01-01,2025-01-01,2025-01-15,2025-01-01,2025-12-31,paid,24300.0,0.0,24300.0,1,24300.0,0.0,24300.0,1,1,0,24300.0,705.0,paid,card,2025-01-12,0.0,true
I7330,S6079,A1070,2025-01-01,2025-01-01,2025-01-15,2025-01-01,2025-01-31,paid,500.0,50.0,550.0,1,500.0,0.0,500.0,1,1,0,550.0,16.25,paid,card,2025-01-09,0.0,true
I7331,S6079,A1070,2025-02-01,2025-02-01,2025-02-15,2025-02-01,2025-02-28,paid,500.0,50.0,550.0,1,500.0,0.0,500.0,1,1,0,550.0,16.25,paid,card,2025-02-12,0.0,true
I7332,S6079,A1070,2025-03-01,2025-03-01,2025-03-15,2025-03-01,2025-03-31,paid,500.0,50.0,550.0,1,500.0,0.0,500.0,1,1,0,550.0,16.25,paid,card,2025-03-10,0.0,true
I7333,S6079,A1070,2025-04-01,2025-04-01,2025-04-15,2025-04-01,2025-04-30,paid,500.0,50.0,550.0,1,500.0,0.0,500.0,1,1,0,550.0,16.25,paid,card,2025-04-13,0.0,true
I7334,S6079,A1070,2025-05-01,2025-05-01,2025-05-15,2025-05-01,2025-05-31,paid,500.0,50.0,550.0,1,500.0,0.0,500.0,1,1,0,550.0,1.1,paid,wire,2025-05-10,0.0,true
I7335,S6079,A1070,2025-06-01,2025-06-01,2025-06-15,2025-06-01,2025-06-30,paid,500.0,50.0,550.0,1,500.0,0.0,500.0,1,1,0,550.0,16.25,paid,card,2025-06-10,0.0,true
I7336,S6080,A1071,2025-01-01,2025-01-01,2025-01-15,2025-01-01,2025-01-31,paid,2080.0,0.0,2080.0,1,2080.0,0.0,2080.0,1,1,0,2080.0,60.62,paid,card,2025-01-12,0.0,true
I7337,S6080,A1071,2025-02-01,2025-02-01,2025-02-15,2025-02-01,2025-02-28,paid,2080.0,0.0,2080.0,1,2080.0,0.0,2080.0,1,1,0,2080.0,16.64,paid,ach,2025-02-11,0.0,true
I7338,S6080,A1071,2025-03-01,2025-03-01,2025-03-15,2025-03-01,2025-03-31,paid,2080.0,0.0,2080.0,1,2080.0,0.0,2080.0,1,1,0,2080.0,16.64,paid,ach,2025-03-07,0.0,true
I7339,S6080,A1071,2025-04-01,2025-04-01,2025-04-15,2025-04-01,2025-04-30,paid,2080.0,0.0,2080.0,1,2080.0,0.0,2080.0,1,1,0,2080.0,16.64,paid,ach,2025-04-12,0.0,true
I7340,S6080,A1071,2025-05-01,2025-05-01,2025-05-15,2025-05-01,2025-05-31,paid,2080.0,0.0,2080.0,1,2080.0,0.0,2080.0,1,1,0,2080.0,16.64,paid,ach,2025-05-07,0.0,true
I7342,S6081,A1072,2025-01-01,2025-01-01,2025-01-15,2025-01-01,2025-12-31,paid,26800.0,0.0,26800.0,2,24300.0,2500.0,24300.0,1,1,0,26800.0,15.0,paid,wire,2025-01-07,0.0,true
I7343,S6082,A1073,2025-01-01,2025-01-01,2025-01-15,2025-01-01,2025-01-31,paid,1500.0,300.0,1800.0,1,1500.0,0.0,1500.0,1,1,0,1800.0,52.5,paid,card,2025-01-08,0.0,true
I7344,S6082,A1073,2025-02-01,2025-02-01,2025-02-15,2025-02-01,2025-02-28,paid,1500.0,300.0,1800.0,1,1500.0,0.0,1500.0,1,1,0,1800.0,52.5,paid,card,2025-02-11,0.0,true
I7345,S6082,A1073,2025-03-01,2025-03-01,2025-03-15,2025-03-01,2025-03-31,paid,1500.0,300.0,1800.0,1,1500.0,0.0,1500.0,1,1,0,1800.0,52.5,paid,card,2025-03-13,0.0,true
I7346,S6083,A1073,2025-04-01,2025-04-01,2025-04-15,2025-04-01,2025-04-30,paid,2850.0,570.0,3420.0,2,2600.0,250.0,2600.0,1,1,0,3420.0,99.48,paid,card,2025-04-07,0.0,true
I7347,S6083,A1073,2025-05-01,2025-05-01,2025-05-15,2025-05-01,2025-05-31,paid,2600.0,520.0,3120.0,1,2600.0,0.0,2600.0,1,1,0,3120.0,90.78,paid,card,2025-05-10,0.0,true
I7348,S6083,A1073,2025-06-01,2025-06-01,2025-06-15,2025-06-01,2025-06-30,paid,2600.0,520.0,3120.0,1,2600.0,0.0,2600.0,1,1,0,3120.0,90.78,paid,card,2025-06-10,0.0,true
I7349,S6084,A1074,2025-01-01,2025-01-01,2025-01-15,2025-01-01,2025-01-31,paid,500.0,0.0,500.0,1,500.0,0.0,500.0,1,1,0,500.0,14.8,paid,card,2025-01-11,0.0,true
I7350,S6084,A1074,2025-02-01,2025-02-01,2025-02-15,2025-02-01,2025-02-28,paid,500.0,0.0,500.0,1,500.0,0.0,500.0,1,1,0,500.0,4.0,paid,ach,2025-02-11,0.0,true
I7351,S6084,A1074,2025-03-01,2025-03-01,2025-03-15,2025-03-01,2025-03-31,paid,500.0,0.0,500.0,1,500.0,0.0,500.0,1,1,0,500.0,14.8,paid,card,2025-03-08,0.0,true
I7352,S6084,A1074,2025-04-01,2025-04-01,2025-04-15,2025-04-01,2025-04-30,paid,500.0,0.0,500.0,1,500.0,0.0,500.0,1,1,0,500.0,4.0,paid,ach,2025-04-08,0.0,true
I7353,S6085,A1074,2025-05-01,2025-05-01,2025-05-15,2025-05-01,2025-05-31,paid,1350.0,0.0,1350.0,1,1350.0,0.0,1350.0,1,1,0,1350.0,39.45,paid,card,2025-05-06,0.0,true
I7354,S6085,A1074,2025-06-01,2025-06-01,2025-06-15,2025-06-01,2025-06-30,paid,1350.0,0.0,1350.0,1,1350.0,0.0,1350.0,1,1,0,1350.0,39.45,paid,card,2025-06-09,0.0,true
I7355,S6086,A1075,2025-01-01,2025-01-01,2025-01-15,2025-01-01,2025-01-31,paid,500.0,100.0,600.0,1,500.0,0.0,500.0,1,1,0,600.0,17.7,paid,card,2025-01-13,0.0,true
I7356,S6086,A1075,2025-02-01,2025-02-01,2025-02-15,2025-02-01,2025-02-28,paid,500.0,100.0,600.0,1,500.0,0.0,500.0,1,1,0,600.0,17.7,paid,card,2025-02-08,0.0,true
I7357,S6086,A1075,2025-03-01,2025-03-01,2025-03-15,2025-03-01,2025-03-31,paid,500.0,100.0,600.0,1,500.0,0.0,500.0,2,1,1,600.0,1.2,failed,wire,2025-03-15,0.0,true
I7358,S6086,A1075,2025-04-01,2025-04-01,2025-04-15,2025-04-01,2025-04-30,paid,500.0,100.0,600.0,1,500.0,0.0,500.0,1,1,0,600.0,17.7,paid,card,2025-04-06,0.0,true
I7359,S6086,A1075,2025-05-01,2025-05-01,2025-05-15,2025-05-01,2025-05-31,paid,500.0,100.0,600.0,1,500.0,0.0,500.0,1,1,0,600.0,17.7,paid,card,2025-05-11,0.0,true
I7360,S6086,A1075,2025-06-01,2025-06-01,2025-06-15,2025-06-01,2025-06-30,paid,500.0,100.0,600.0,1,500.0,0.0,500.0,1,1,0,600.0,1.2,paid,wire,2025-06-10,0.0,true
I7361,S6087,A1076,2025-03-01,2025-03-01,2025-03-15,2025-03-01,2025-03-31,paid,1500.0,300.0,1800.0,1,1500.0,0.0,1500.0,1,1,0,1800.0,52.5,paid,card,2025-03-12,0.0,true
I7362,S6087,A1076,2025-04-01,2025-04-01,2025-04-15,2025-04-01,2025-04-30,paid,1500.0,300.0,1800.0,1,1500.0,0.0,1500.0,1,1,0,1800.0,52.5,paid,card,2025-04-12,0.0,true
I7363,S6087,A1076,2025-05-01,2025-05-01,2025-05-15,2025-05-01,2025-05-31,paid,1500.0,300.0,1800.0,1,1500.0,0.0,1500.0,1,1,0,1800.0,52.5,paid,card,2025-05-10,0.0,true
I7364,S6087,A1076,2025-06-01,2025-06-01,2025-06-15,2025-06-01,2025-06-30,paid,1500.0,300.0,1800.0,1,1500.0,0.0,1500.0,1,1,0,1800.0,52.5,paid,card,2025-06-11,0.0,true
I7365,S6088,A1077,2025-01-01,2025-01-01,2025-01-15,2025-01-01,2025-01-31,paid,1500.0,0.0,1500.0,1,1500.0,0.0,1500.0,1,1,0,1500.0,12.0,paid,ach,2025-01-14,0.0,true
I7366,S6088,A1077,2025-02-01,2025-02-01,2025-02-15,2025-02-01,2025-02-28,paid,1500.0,0.0,1500.0,1,1500.0,0.0,1500.0,1,1,0,1500.0,12.0,paid,ach,2025-02-12,0.0,true
I7367,S6088,A1077,2025-03-01,2025-03-01,2025-03-15,2025-03-01,2025-03-31,paid,1500.0,0.0,1500.0,1,1500.0,0.0,1500.0,1,1,0,1500.0,12.0,paid,ach,2025-03-12,0.0,true
I7368,S6088,A1077,2025-04-01,2025-04-01,2025-04-15,2025-04-01,2025-04-30,paid,1500.0,0.0,1500.0,1,1500.0,0.0,1500.0,1,1,0,1500.0,12.0,paid,ach,2025-04-09,0.0,true
I7369,S6088,A1077,2025-05-01,2025-05-01,2025-05-15,2025-05-01,2025-05-31,paid,1500.0,0.0,1500.0,1,1500.0,0.0,1500.0,1,1,0,1500.0,12.0,paid,ach,2025-05-06,0.0,true
I7370,S6088,A1077,2025-06-01,2025-06-01,2025-06-15,2025-06-01,2025-06-30,paid,1500.0,0.0,1500.0,1,1500.0,0.0,1500.0,1,1,0,1500.0,12.0,paid,ach,2025-06-12,0.0,true
I7371,S6089,A1078,2025-03-01,2025-03-01,2025-03-15,2025-03-01,2025-03-31,paid,1725.0,345.0,2070.0,2,1425.0,300.0,1425.0,1,1,0,2070.0,60.33,paid,card,2025-03-05,0.0,true
I7372,S6089,A1078,2025-04-01,2025-04-01,2025-04-15,2025-04-01,2025-04-30,paid,1425.0,285.0,1710.0,1,1425.0,0.0,1425.0,1,1,0,1710.0,49.89,paid,card,2025-04-05,0.0,true
I7373,S6089,A1078,2025-05-01,2025-05-01,2025-05-15,2025-05-01,2025-05-31,paid,1425.0,285.0,1710.0,1,1425.0,0.0,1425.0,1,1,0,1710.0,49.89,paid,card,2025-05-13,0.0,true
I7374,S6089,A1078,2025-06-01,2025-06-01,2025-06-15,2025-06-01,2025-06-30,paid,1425.0,285.0,1710.0,1,1425.0,0.0,1425.0,1,1,0,1710.0,49.89,paid,card,2025-06-13,0.0,true
I7375,S6090,A1079,2025-01-01,2025-01-01,2025-01-15,2025-01-01,2025-12-31,paid,21600.0,4320.0,25920.0,1,21600.0,0.0,21600.0,1,1,0,25920.0,207.36,paid,ach,2025-01-13,0.0,true
I7376,S6091,A1080,2025-01-01,2025-01-01,2025-01-15,2025-01-01,2025-01-31,paid,1500.0,300.0,1800.0,1,1500.0,0.0,1500.0,1,1,0,1800.0,3.6,paid,wire,2025-01-07,0.0,true
I7377,S6091,A1080,2025-02-01,2025-02-01,2025-02-15,2025-02-01,2025-02-28,paid,1500.0,300.0,1800.0,1,1500.0,0.0,1500.0,2,1,1,1800.0,3.6,failed,wire,2025-02-15,0.0,true
I7378,S6091,A1080,2025-03-01,2025-03-01,2025-03-15,2025-03-01,2025-03-31,paid,1500.0,300.0,1800.0,1,1500.0,0.0,1500.0,1,1,0,1800.0,3.6,paid,wire,2025-03-12,0.0,true
I7379,S6091,A1080,2025-04-01,2025-04-01,2025-04-15,2025-04-01,2025-04-30,paid,1500.0,300.0,1800.0,1,1500.0,0.0,1500.0,1,1,0,1800.0,3.6,paid,wire,2025-04-07,0.0,true
I7380,S6091,A1080,2025-05-01,2025-05-01,2025-05-15,2025-05-01,2025-05-31,paid,1500.0,300.0,1800.0,1,1500.0,0.0,1500.0,1,1,0,1800.0,3.6,paid,wire,2025-05-07,0.0,true
I7381,S6091,A1080,2025-06-01,2025-06-01,2025-06-15,2025-06-01,2025-06-30,paid,1500.0,300.0,1800.0,1,1500.0,0.0,1500.0,1,1,0,1800.0,52.5,paid,card,2025-06-12,0.0,true
I7382,S6092,A1081,2025-01-01,2025-01-01,2025-01-15,2025-01-01,2025-01-31,paid,2600.0,0.0,2600.0,1,2600.0,0.0,2600.0,1,1,0,2600.0,75.7,paid,card,2025-01-06,0.0,true
I7383,S6092,A1081,2025-02-01,2025-02-01,2025-02-15,2025-02-01,2025-02-28,paid,2600.0,0.0,2600.0,1,2600.0,0.0,2600.0,1,1,0,2600.0,20.8,paid,ach,2025-02-14,0.0,true
I7384,S6092,A1081,2025-03-01,2025-03-01,2025-03-15,2025-03-01,2025-03-31,paid,2600.0,0.0,2600.0,1,2600.0,0.0,2600.0,1,1,0,2600.0,20.8,paid,ach,2025-03-10,0.0,true
I7385,S6092,A1081,2025-04-01,2025-04-01,2025-04-15,2025-04-01,2025-04-30,paid,2600.0,0.0,2600.0,1,2600.0,0.0,2600.0,1,1,0,2600.0,20.8,paid,ach,2025-04-13,0.0,true
I7386,S6092,A1081,2025-05-01,2025-05-01,2025-05-15,2025-05-01,2025-05-31,paid,2600.0,0.0,2600.0,1,2600.0,0.0,2600.0,1,1,0,2600.0,20.8,paid,ach,2025-05-13,0.0,true
I7387,S6092,A1081,2025-06-01,2025-06-01,2025-06-15,2025-06-01,2025-06-30,paid,2600.0,0.0,2600.0,1,2600.0,0.0,2600.0,1,1,0,2600.0,20.8,paid,ach,2025-06-13,0.0,true
I7388,S6093,A1082,2025-01-01,2025-01-01,2025-01-15,2025-01-01,2025-01-31,paid,500.0,0.0,500.0,1,500.0,0.0,500.0,1,1,0,500.0,4.0,paid,ach,2025-01-10,0.0,true
I7389,S6093,A1082,2025-02-01,2025-02-01,2025-02-15,2025-02-01,2025-02-28,paid,500.0,0.0,500.0,1,500.0,0.0,500.0,1,1,0,500.0,4.0,paid,ach,2025-02-08,0.0,true
I7390,S6093,A1082,2025-03-01,2025-03-01,2025-03-15,2025-03-01,2025-03-31,paid,500.0,0.0,500.0,1,500.0,0.0,500.0,1,1,0,500.0,14.8,paid,card,2025-03-06,0.0,true
I7391,S6093,A1082,2025-04-01,2025-04-01,2025-04-15,2025-04-01,2025-04-30,paid,500.0,0.0,500.0,1,500.0,0.0,500.0,2,1,1,500.0,14.8,failed,ach,2025-04-15,0.0,true
I7392,S6094,A1083,2025-02-01,2025-02-01,2025-02-15,2025-02-01,2025-02-28,paid,500.0,0.0,500.0,1,500.0,0.0,500.0,1,1,0,500.0,4.0,paid,ach,2025-02-12,0.0,true
I7393,S6094,A1083,2025-03-01,2025-03-01,2025-03-15,2025-03-01,2025-03-31,paid,500.0,0.0,500.0,1,500.0,0.0,500.0,1,1,0,500.0,14.8,paid,card,2025-03-07,0.0,true
I7394,S6095,A1083,2025-04-01,2025-04-01,2025-04-15,2025-04-01,2025-04-30,paid,1200.0,0.0,1200.0,1,1200.0,0.0,1200.0,1,1,0,1200.0,9.6,paid,ach,2025-04-08,0.0,true
I7395,S6095,A1083,2025-05-01,2025-05-01,2025-05-15,2025-05-01,2025-05-31,paid,1200.0,0.0,1200.0,1,1200.0,0.0,1200.0,1,1,0,1200.0,9.6,paid,ach,2025-05-11,0.0,true
I7396,S6095,A1083,2025-06-01,2025-06-01,2025-06-15,2025-06-01,2025-06-30,paid,1200.0,0.0,1200.0,1,1200.0,0.0,1200.0,2,1,1,1200.0,35.1,failed,ach,2025-06-15,0.0,true
I7397,S6096,A1084,2025-01-01,2025-01-01,2025-01-15,2025-01-01,2025-01-31,paid,2600.0,0.0,2600.0,1,2600.0,0.0,2600.0,1,1,0,2600.0,75.7,paid,card,2025-01-10,0.0,true
I7398,S6096,A1084,2025-02-01,2025-02-01,2025-02-15,2025-02-01,2025-02-28,paid,2600.0,0.0,2600.0,1,2600.0,0.0,2600.0,1,1,0,2600.0,75.7,paid,card,2025-02-08,0.0,true
I7399,S6096,A1084,2025-03-01,2025-03-01,2025-03-15,2025-03-01,2025-03-31,paid,2600.0,0.0,2600.0,1,2600.0,0.0,2600.0,1,1,0,2600.0,20.8,paid,ach,2025-03-12,0.0,true
I7400,S6096,A1084,2025-04-01,2025-04-01,2025-04-15,2025-04-01,2025-04-30,paid,2600.0,0.0,2600.0,1,2600.0,0.0,2600.0,1,1,0,2600.0,20.8,paid,ach,2025-04-13,0.0,true
I7401,S6096,A1084,2025-05-01,2025-05-01,2025-05-15,2025-05-01,2025-05-31,paid,2600.0,0.0,2600.0,1,2600.0,0.0,2600.0,1,1,0,2600.0,20.8,paid,ach,2025-05-06,0.0,true
I7402,S6096,A1084,2025-06-01,2025-06-01,2025-06-15,2025-06-01,2025-06-30,paid,2600.0,0.0,2600.0,1,2600.0,0.0,2600.0,1,1,0,2600.0,20.8,paid,ach,2025-06-06,0.0,true
I7403,S6097,A1085,2025-01-01,2025-01-01,2025-01-15,2025-01-01,2025-01-31,paid,500.0,0.0,500.0,1,500.0,0.0,500.0,1,1,0,500.0,4.0,paid,ach,2025-01-07,0.0,true
I7404,S6097,A1085,2025-02-01,2025-02-01,2025-02-15,2025-02-01,2025-02-28,paid,500.0,0.0,500.0,1,500.0,0.0,500.0,1,1,0,500.0,14.8,paid,card,2025-02-10,0.0,true
I7405,S6097,A1085,2025-03-01,2025-03-01,2025-03-15,2025-03-01,2025-03-31,paid,500.0,0.0,500.0,1,500.0,0.0,500.0,1,1,0,500.0,14.8,paid,card,2025-03-11,0.0,true
I7406,S6097,A1085,2025-04-01,2025-04-01,2025-04-15,2025-04-01,2025-04-30,paid,500.0,0.0,500.0,1,500.0,0.0,500.0,2,1,1,500.0,4.0,failed,ach,2025-04-15,0.0,true
I7407,S6097,A1085,2025-05-01,2025-05-01,2025-05-15,2025-05-01,2025-05-31,paid,500.0,0.0,500.0,1,500.0,0.0,500.0,2,1,1,500.0,4.0,failed,ach,2025-05-15,0.0,true
I7408,S6097,A1085,2025-06-01,2025-06-01,2025-06-15,2025-06-01,2025-06-30,paid,500.0,0.0,500.0,1,500.0,0.0,500.0,1,1,0,500.0,4.0,paid,ach,2025-06-13,0.0,true
I7409,S6098,A1086,2025-03-01,2025-03-01,2025-03-15,2025-03-01,2025-03-31,paid,500.0,100.0,600.0,1,500.0,0.0,500.0,1,1,0,600.0,17.7,paid,card,2025-03-07,0.0,true
I7410,S6098,A1086,2025-04-01,2025-04-01,2025-04-15,2025-04-01,2025-04-30,paid,500.0,100.0,600.0,1,500.0,0.0,500.0,1,1,0,600.0,17.7,paid,card,2025-04-12,0.0,true
I7411,S6098,A1086,2025-05-01,2025-05-01,2025-05-15,2025-05-01,2025-05-31,paid,500.0,100.0,600.0,1,500.0,0.0,500.0,1,1,0,600.0,17.7,paid,card,2025-05-05,0.0,true
I7412,S6098,A1086,2025-06-01,2025-06-01,2025-06-15,2025-06-01,2025-06-30,paid,500.0,100.0,600.0,1,500.0,0.0,500.0,1,1,0,600.0,17.7,paid,card,2025-06-07,0.0,true
I7413,S6099,A1087,2025-01-01,2025-01-01,2025-01-15,2025-01-01,2025-01-31,paid,1500.0,0.0,1500.0,1,1500.0,0.0,1500.0,2,1,1,1500.0,12.0,failed,wire,2025-01-15,0.0,true
I7414,S6099,A1087,2025-02-01,2025-02-01,2025-02-15,2025-02-01,2025-02-28,paid,1500.0,0.0,1500.0,1,1500.0,0.0,1500.0,1,1,0,1500.0,12.0,paid,ach,2025-02-10,0.0,true
I7415,S6099,A1087,2025-03-01,2025-03-01,2025-03-15,2025-03-01,2025-03-31,paid,1500.0,0.0,1500.0,1,1500.0,0.0,1500.0,1,1,0,1500.0,12.0,paid,ach,2025-03-12,0.0,true
I7416,S6099,A1087,2025-04-01,2025-04-01,2025-04-15,2025-04-01,2025-04-30,paid,1500.0,0.0,1500.0,1,1500.0,0.0,1500.0,1,1,0,1500.0,3.0,paid,wire,2025-04-14,0.0,true
I7417,S6100,A1088,2025-03-01,2025-03-01,2025-03-15,2025-03-01,2025-03-31,paid,500.0,50.0,550.0,1,500.0,0.0,500.0,1,1,0,550.0,16.25,paid,card,2025-03-14,0.0,true
I7418,S6100,A1088,2025-04-01,2025-04-01,2025-04-15,2025-04-01,2025-04-30,paid,500.0,50.0,550.0,1,500.0,0.0,500.0,1,1,0,550.0,1.1,paid,wire,2025-04-12,0.0,true
I7419,S6100,A1088,2025-05-01,2025-05-01,2025-05-15,2025-05-01,2025-05-31,paid,500.0,50.0,550.0,1,500.0,0.0,500.0,1,1,0,550.0,16.25,paid,card,2025-05-14,0.0,true
I7420,S6100,A1088,2025-06-01,2025-06-01,2025-06-15,2025-06-01,2025-06-30,paid,500.0,50.0,550.0,1,500.0,0.0,500.0,1,1,0,550.0,1.1,paid,wire,2025-06-09,0.0,true
I7421,S6101,A1089,2025-01-01,2025-01-01,2025-01-15,2025-01-01,2025-01-31,paid,1500.0,0.0,1500.0,1,1500.0,0.0,1500.0,1,1,0,1500.0,12.0,paid,ach,2025-01-10,0.0,true
I7422,S6101,A1089,2025-02-01,2025-02-01,2025-02-15,2025-02-01,2025-02-28,paid,1500.0,0.0,1500.0,1,1500.0,0.0,1500.0,1,1,0,1500.0,12.0,paid,ach,2025-02-10,0.0,true
I7423,S6101,A1089,2025-03-01,2025-03-01,2025-03-15,2025-03-01,2025-03-31,paid,1500.0,0.0,1500.0,1,1500.0,0.0,1500.0,1,1,0,1500.0,12.0,paid,ach,2025-03-10,0.0,true
I7424,S6101,A1089,2025-04-01,2025-04-01,2025-04-15,2025-04-01,2025-04-30,paid,1500.0,0.0,1500.0,1,1500.0,0.0,1500.0,1,1,0,1500.0,12.0,paid,ach,2025-04-09,0.0,true
I7425,S6101,A1089,2025-05-01,2025-05-01,2025-05-15,2025-05-01,2025-05-31,paid,1500.0,0.0,1500.0,1,1500.0,0.0,1500.0,1,1,0,1500.0,43.8,paid,card,2025-05-08,0.0,true
I7426,S6101,A1089,2025-06-01,2025-06-01,2025-06-15,2025-06-01,2025-06-30,paid,1500.0,0.0,1500.0,1,1500.0,0.0,1500.0,1,1,0,1500.0,12.0,paid,ach,2025-06-09,0.0,true
I7427,S6102,A1090,2025-01-01,2025-01-01,2025-01-15,2025-01-01,2025-01-31,paid,500.0,0.0,500.0,1,500.0,0.0,500.0,1,1,0,500.0,14.8,paid,card,2025-01-13,0.0,true
I7428,S6102,A1090,2025-02-01,2025-02-01,2025-02-15,2025-02-01,2025-02-28,paid,500.0,0.0,500.0,1,500.0,0.0,500.0,1,1,0,500.0,14.8,paid,card,2025-02-14,0.0,true
I7429,S6102,A1090,2025-03-01,2025-03-01,2025-03-15,2025-03-01,2025-03-31,paid,500.0,0.0,500.0,1,500.0,0.0,500.0,1,1,0,500.0,4.0,paid,ach,2025-03-09,0.0,true
I7430,S6102,A1090,2025-04-01,2025-04-01,2025-04-15,2025-04-01,2025-04-30,paid,500.0,0.0,500.0,1,500.0,0.0,500.0,1,1,0,500.0,4.0,paid,ach,2025-04-10,0.0,true
I7431,S6102,A1090,2025-05-01,2025-05-01,2025-05-15,2025-05-01,2025-05-31,paid,500.0,0.0,500.0,1,500.0,0.0,500.0,1,1,0,500.0,4.0,paid,ach,2025-05-12,0.0,true
I7432,S6102,A1090,2025-06-01,2025-06-01,2025-06-15,2025-06-01,2025-06-30,paid,500.0,0.0,500.0,1,500.0,0.0,500.0,1,1,0,500.0,14.8,paid,card,2025-06-14,0.0,true
I7011,S6003,A1002,2025-06-01,2025-06-01,2025-06-15,2025-06-01,2025-06-30,open,1500.0,0.0,1500.0,1,1500.0,0.0,1500.0,0,0,0,0.0,0.0,,,,1500.0,false
I7030,S6009,A1007,2025-06-01,2025-06-01,2025-06-15,2025-06-01,2025-06-30,open,500.0,100.0,600.0,1,500.0,0.0,500.0,0,0,0,0.0,0.0,,,,600.0,false
I7134,S6031,A1028,2025-06-01,2025-06-01,2025-06-15,2025-06-01,2025-06-30,open,2600.0,234.0,2834.0,1,2600.0,0.0,2600.0,0,0,0,0.0,0.0,,,,2834.0,false
I7299,S6072,A1063,2025-06-01,2025-06-01,2025-06-15,2025-06-01,2025-06-30,open,400.0,0.0,400.0,1,400.0,0.0,400.0,0,0,0,0.0,0.0,,,,400.0,false
I7316,S6075,A1066,2025-06-01,2025-06-01,2025-06-15,2025-06-01,2025-06-30,open,2600.0,260.0,2860.0,1,2600.0,0.0,2600.0,0,0,0,0.0,0.0,,,,2860.0,false
I7328,S6077,A1068,2025-06-01,2025-06-01,2025-06-15,2025-06-01,2025-06-30,open,2600.0,234.0,2834.0,1,2600.0,0.0,2600.0,0,0,0,0.0,0.0,,,,2834.0,false
I7341,S6080,A1071,2025-06-01,2025-06-01,2025-06-15,2025-06-01,2025-06-30,open,2080.0,0.0,2080.0,1,2080.0,0.0,2080.0,0,0,0,0.0,0.0,,,,2080.0,false
