message_reaction_id,message_id,message_date,message_datetime,channel_name,reaction_name,reaction_name_normalised,reaction_user,extracted_datetime
a85cde25d5fbee1b387c962bca7d4a43,588f8ea0-bb97-49d0-9844-fd2261fec631,2024-08-01,2024-08-01 12:46:19,random,"""raised_hands""","""raised_hands""","""UN979RN92""",2024-08-01 13:06:07
afdb5bf7780964b39e77a3a88dccdc03,588f8ea0-bb97-49d0-9844-fd2261fec631,2024-08-01,2024-08-01 12:46:19,random,"""raised_hands""","""raised_hands""","""UKA77QAYY""",2024-08-01 13:06:07
dceeb40910e525309640ba96597abcb7,588f8ea0-bb97-49d0-9844-fd2261fec631,2024-08-01,2024-08-01 12:46:19,random,"""raised_hands""","""raised_hands""","""UU95TZPYP""",2024-08-01 13:06:07
6c28af2719b4070f1cc5fce5caa49525,588f8ea0-bb97-49d0-9844-fd2261fec631,2024-08-01,2024-08-01 12:46:19,random,"""raised_hands""","""raised_hands""","""UP9T7VJBF""",2024-08-01 13:06:07
64c79e870cc6e1198e9e5aa059debc19,588f8ea0-bb97-49d0-9844-fd2261fec631,2024-08-01,2024-08-01 12:46:19,random,"""raised_hands""","""raised_hands""","""UL92954KA""",2024-08-01 13:06:07
978ec053d5038cee55e6f432dc286517,82e710eb-abbc-450c-b8a9-e341d5b063a7,2024-10-10,2024-10-10 16:14:26,engineering,"""raised_hands""","""raised_hands""","""UNVWFC5Q1""",2024-10-10 16:51:11
b9654f2035cb76624e763a0f71d92923,82e710eb-abbc-450c-b8a9-e341d5b063a7,2024-10-10,2024-10-10 16:14:26,engineering,"""raised_hands""","""raised_hands""","""UO513ARUP""",2024-10-10 16:51:11
ab28cc3de547e0116c052f3c8a473ad4,8a976bf4-5da3-43f0-aba9-bb477afc727a,2025-03-22,2025-03-22 02:08:18,marketing,"""approved""","""approved""","""UIDQ8QXI5""",2025-03-22 02:33:23
3d8ed3aedd51372fa6dbb5a3a8fcf2b4,8a976bf4-5da3-43f0-aba9-bb477afc727a,2025-03-22,2025-03-22 02:08:18,marketing,"""approved""","""approved""","""UQY0NPYWN""",2025-03-22 02:33:23
2cfb8d3e6edece1fc6825d33469cc1d6,8a976bf4-5da3-43f0-aba9-bb477afc727a,2025-03-22,2025-03-22 02:08:18,marketing,"""approved""","""approved""","""U9YFOYM78""",2025-03-22 02:33:23
e29584a7fcba40d3ed8165e6cc92e96a,8b030ce5-e2a7-49fb-9eac-1e4ec76e5e89,2024-11-09,2024-11-09 03:50:11,marketing,"""approved""","""approved""","""UJ65P6F44""",2024-11-09 04:40:18
f1ad8494313b21c6a50d471df671eb63,8b030ce5-e2a7-49fb-9eac-1e4ec76e5e89,2024-11-09,2024-11-09 03:50:11,marketing,"""approved""","""approved""","""U378U76S4""",2024-11-09 04:40:18
c824f87b703d118479d6d97eb043f2a2,72953848-057e-4fb7-815d-907819180cf0,2025-11-24,2025-11-24 14:50:39,random,"""approved""","""approved""","""UU95TZPYP""",2025-11-24 15:23:13
6a20d66b3b7b0c8f6b22bb1c689b5df1,72953848-057e-4fb7-815d-907819180cf0,2025-11-24,2025-11-24 14:50:39,random,"""approved""","""approved""","""UB51ZBPGJ""",2025-11-24 15:23:13
ac89753de997e591f39b79765fd9c342,72953848-057e-4fb7-815d-907819180cf0,2025-11-24,2025-11-24 14:50:39,random,"""approved""","""approved""","""UNS22LGIY""",2025-11-24 15:23:13
bd431b2182655666c3d77b13443c39de,72953848-057e-4fb7-815d-907819180cf0,2025-11-24,2025-11-24 14:50:39,random,"""approved""","""approved""","""UKA77QAYY""",2025-11-24 15:23:13
2a75ec8a34c89b6b853f479e1ed92947,f161521f-2172-4147-b816-380e3ac03c02,2025-07-15,2025-07-15 22:50:39,social,"""point_up""","""point_up""","""U3TE14ET2""",2025-07-15 23:03:39
9baf2752be961d1ca6ea0016ffe1f679,f161521f-2172-4147-b816-380e3ac03c02,2025-07-15,2025-07-15 22:50:39,social,"""point_up""","""point_up""","""UG6UG9470""",2025-07-15 23:03:39
e13213c89d36c8a2db33b4b697ead83d,f161521f-2172-4147-b816-380e3ac03c02,2025-07-15,2025-07-15 22:50:39,social,"""point_up""","""point_up""","""UE0WA7608""",2025-07-15 23:03:39
a3788a605f3730368549c30f83abafcd,f161521f-2172-4147-b816-380e3ac03c02,2025-07-15,2025-07-15 22:50:39,social,"""point_up""","""point_up""","""U91Q0A72O""",2025-07-15 23:03:39
5724adb5791838c558ec0190485521c2,f161521f-2172-4147-b816-380e3ac03c02,2025-07-15,2025-07-15 22:50:39,social,"""point_up""","""point_up""","""UJ65P6F44""",2025-07-15 23:03:39
ab8700799d7f65e6849c335740ec578e,f161521f-2172-4147-b816-380e3ac03c02,2025-07-15,2025-07-15 22:50:39,social,"""point_up""","""point_up""","""U378U76S4""",2025-07-15 23:03:39
99854bd1dc27eca16ff4682d9d3096a0,ebbf0a43-42cd-4a9b-89e3-0daeec467c3f,2024-10-17,2024-10-17 00:35:16,engineering,"""ty""","""ty""","""U91Q0A72O""",2024-10-17 01:23:08
b044ed564375531ef26717da724f1c60,93550d27-d6cc-4178-9b02-fd7fa5f5a4eb,2025-11-23,2025-11-23 16:03:01,cats,"""ty""","""ty""","""UYEP6YY91""",2025-11-23 16:30:43
8209382fd84c15ca965816433f69acfd,deba6c3d-b7b8-43d0-bbfc-742c815d9975,2024-06-18,2024-06-18 17:01:12,general,"""pray""","""pray""","""U0381889F""",2024-06-18 17:47:48
51313dea1dae2fda585525463c8bddd3,96270939-dfd6-4f4e-aa3b-1d09d7eed4a2,2024-10-31,2024-10-31 06:43:24,social,"""approved""","""approved""","""UV77JEL7Q""",2024-10-31 07:17:41
8446159ab45c4e738349fffecbedd746,96270939-dfd6-4f4e-aa3b-1d09d7eed4a2,2024-10-31,2024-10-31 06:43:24,social,"""approved""","""approved""","""ULWL32B29""",2024-10-31 07:17:41
307aaf32c9284985ae3c1606a7dc434f,96270939-dfd6-4f4e-aa3b-1d09d7eed4a2,2024-10-31,2024-10-31 06:43:24,social,"""approved""","""approved""","""U08ITMEA6""",2024-10-31 07:17:41
f2839249d91a294ba58047f93d584415,6c6d6992-ba32-450a-a93f-6732222cd679,2025-06-27,2025-06-27 14:11:26,marketing,"""ty""","""ty""","""U0GBC0N90""",2025-06-27 14:51:19
fa0a2f951dd198826d28416ea2cde830,6c6d6992-ba32-450a-a93f-6732222cd679,2025-06-27,2025-06-27 14:11:26,marketing,"""ty""","""ty""","""U85PB3J63""",2025-06-27 14:51:19
01888c5e27d44c98d2c71953c2ab3f61,6c6d6992-ba32-450a-a93f-6732222cd679,2025-06-27,2025-06-27 14:11:26,marketing,"""ty""","""ty""","""UWW10VL06""",2025-06-27 14:51:19
4c0b54c6866fd623ecac77ffd2d7fdf7,6c6d6992-ba32-450a-a93f-6732222cd679,2025-06-27,2025-06-27 14:11:26,marketing,"""ty""","""ty""","""UN0J0I7F0""",2025-06-27 14:51:19
f4ef76012a93b9d646a8bc147ab88ffa,6c6d6992-ba32-450a-a93f-6732222cd679,2025-06-27,2025-06-27 14:11:26,marketing,"""ty""","""ty""","""ULWL32B29""",2025-06-27 14:51:19
52eab5cd82f2f55c4c3d576fd9df8901,6c6d6992-ba32-450a-a93f-6732222cd679,2025-06-27,2025-06-27 14:11:26,marketing,"""ty""","""ty""","""UK4V3ON2O""",2025-06-27 14:51:19
cc47b3d2ab64fae665927d1ab1423113,6c6d6992-ba32-450a-a93f-6732222cd679,2025-06-27,2025-06-27 14:11:26,marketing,"""merged""","""merged""","""U549234TU""",2025-06-27 14:51:19
19726af4def079284db9c52760449307,07941fc7-cd12-4361-827b-537c86f528a2,2025-11-12,2025-11-12 17:54:45,engineering,"""point_up""","""point_up""","""UWL5JX23M""",2025-11-12 18:47:58
3bcba608ad6f2d69df28f509dd5012e3,b3c1fe8a-f26d-47d0-ae53-1ad370039f7d,2024-12-09,2024-12-09 12:51:57,general,"""approved""","""approved""","""UWL5JX23M""",2024-12-09 13:18:07
3424ceb01382a48da2eecf0c148073ad,4ae55cea-9569-4b46-a189-0c4788964799,2025-05-18,2025-05-18 18:41:07,marketing,"""laugh""","""laugh""","""UQY0NPYWN""",2025-05-18 18:49:48
4d1a8e01362816e59f7b0f9fabc393cd,4ae55cea-9569-4b46-a189-0c4788964799,2025-05-18,2025-05-18 18:41:07,marketing,"""laugh""","""laugh""","""U3U77Y17K""",2025-05-18 18:49:48
92e4f5b710b5d926ed0103b26cd09aef,4ae55cea-9569-4b46-a189-0c4788964799,2025-05-18,2025-05-18 18:41:07,marketing,"""laugh""","""laugh""","""UK839UQ5R""",2025-05-18 18:49:48
e92f24cb4742a3c02e3a0ada490d7b22,01e55e63-6a59-4eff-986b-1616852738cf,2025-06-24,2025-06-24 11:09:16,random,"""merged""","""merged""","""UORS33I12""",2025-06-24 11:57:04
d654eed4b3a654ab5e2f54117edfbcc6,721003d8-86f6-4f9e-acc0-1fa645689152,2024-11-24,2024-11-24 23:22:50,random,"""point_up""","""point_up""","""U3HY0BS3W""",2024-11-24 23:43:10
c409e7ae5298c80e923d5a2d810c26c6,721003d8-86f6-4f9e-acc0-1fa645689152,2024-11-24,2024-11-24 23:22:50,random,"""approved""","""approved""","""U6P582A60""",2024-11-24 23:43:10
44ac2308f4f63bbf74274079ac546730,721003d8-86f6-4f9e-acc0-1fa645689152,2024-11-24,2024-11-24 23:22:50,random,"""approved""","""approved""","""U3GY5K9EQ""",2024-11-24 23:43:10
7ad84fda9df7e2887be93378c80c5e7a,721003d8-86f6-4f9e-acc0-1fa645689152,2024-11-24,2024-11-24 23:22:50,random,"""approved""","""approved""","""UL92954KA""",2024-11-24 23:43:10
43ec3a576ec51fabefdbdfc14af4a978,721003d8-86f6-4f9e-acc0-1fa645689152,2024-11-24,2024-11-24 23:22:50,random,"""approved""","""approved""","""U8S28EIM6""",2024-11-24 23:43:10
99badd267b2cf463e459957b4c018f18,721003d8-86f6-4f9e-acc0-1fa645689152,2024-11-24,2024-11-24 23:22:50,random,"""approved""","""approved""","""UNY6WDI60""",2024-11-24 23:43:10
251e6e399d00be4942e5f08b6cc52f95,588f8ea0-bb97-49d0-9844-fd2261fec631,2024-08-01,2024-08-01 12:46:19,random,"""laugh""","""laugh""","""UEZMYV74R""",2024-08-01 13:06:07
98776e407a6723c2883191b2e468a040,588f8ea0-bb97-49d0-9844-fd2261fec631,2024-08-01,2024-08-01 12:46:19,random,"""laugh""","""laugh""","""UDC0ZA535""",2024-08-01 13:06:07
ff6583a2bb5745cf0ac23e9a25a37830,588f8ea0-bb97-49d0-9844-fd2261fec631,2024-08-01,2024-08-01 12:46:19,random,"""laugh""","""laugh""","""UC3Z15JC3""",2024-08-01 13:06:07
404cb3a27e50bfe567f615a76be279cc,588f8ea0-bb97-49d0-9844-fd2261fec631,2024-08-01,2024-08-01 12:46:19,random,"""laugh""","""laugh""","""ULWL32B29""",2024-08-01 13:06:07
fdcf45dc562cd88620b4f23b4f19a9a3,7b080ee2-2026-4393-9acd-8a6a4b18e894,2025-07-08,2025-07-08 10:44:02,marketing,"""approved""","""approved""","""U2QXC4ZNG""",2025-07-08 11:31:48
34b26701b872072ba27d6c50fe51f021,7b080ee2-2026-4393-9acd-8a6a4b18e894,2025-07-08,2025-07-08 10:44:02,marketing,"""point_up""","""point_up""","""U0EIW7DOX""",2025-07-08 11:31:48
59435a06886840857cbd8347f7ce20de,7b080ee2-2026-4393-9acd-8a6a4b18e894,2025-07-08,2025-07-08 10:44:02,marketing,"""point_up""","""point_up""","""UYEP6YY91""",2025-07-08 11:31:48
47611be7d58ccd03a8a34cb4c4f6d792,7b080ee2-2026-4393-9acd-8a6a4b18e894,2025-07-08,2025-07-08 10:44:02,marketing,"""point_up""","""point_up""","""UZ271WU40""",2025-07-08 11:31:48
336f1c42892043004bbfc0f50bd69fbf,79331106-3513-4a98-974b-a41f7d51aa64,2024-09-21,2024-09-21 04:18:36,cats,"""ty""","""ty""","""UB81I8027""",2024-09-21 05:00:50
c69cc26a11aa5e7222f3336435400e01,a66f9ac0-1bd4-4d12-826f-f8e1988b502a,2025-11-19,2025-11-19 15:52:39,marketing,"""laugh""","""laugh""","""UB81I8027""",2025-11-19 15:55:25
84a1c9bfed9f3d55c07c7be123360397,588f8ea0-bb97-49d0-9844-fd2261fec631,2024-08-01,2024-08-01 12:46:19,random,"""white_check_mark""","""white_check_mark""","""UU95TZPYP""",2024-08-01 13:06:07
e8b06191ff2ae6b5862560c87b231d84,588f8ea0-bb97-49d0-9844-fd2261fec631,2024-08-01,2024-08-01 12:46:19,random,"""white_check_mark""","""white_check_mark""","""U0GBC0N90""",2024-08-01 13:06:07
19d62485a047f943e64bdebc26c4f206,588f8ea0-bb97-49d0-9844-fd2261fec631,2024-08-01,2024-08-01 12:46:19,random,"""white_check_mark""","""white_check_mark""","""UFUV7GPHM""",2024-08-01 13:06:07
becdb97dfcb60cff2c13f439d8a621ab,2e2e77b7-4b96-417b-bec2-2942cde6debd,2024-08-15,2024-08-15 00:16:33,general,"""approved""","""approved""","""UNNH8IW78""",2024-08-15 00:52:24
4a0d2b3ddc057227a4e91e0517715228,82e710eb-abbc-450c-b8a9-e341d5b063a7,2024-10-10,2024-10-10 16:14:26,engineering,"""pray""","""pray""","""UNNH8IW78""",2024-10-10 16:51:11
4887c4e7299b19f54aee73a8caf0f43c,45e93938-a05d-4f50-b7bc-bd9c7e17b75a,2025-06-20,2025-06-20 06:16:45,general,"""approved""","""approved""","""UNNH8IW78""",2025-06-20 06:29:30
ef885975f7f4e9b9b62dad9690d23128,deba6c3d-b7b8-43d0-bbfc-742c815d9975,2024-06-18,2024-06-18 17:01:12,general,"""white_check_mark""","""white_check_mark""","""UB9LLF16J""",2024-06-18 17:47:48
1cd77fae020113c6a637106fc64b0401,deba6c3d-b7b8-43d0-bbfc-742c815d9975,2024-06-18,2024-06-18 17:01:12,general,"""white_check_mark""","""white_check_mark""","""U0381889F""",2024-06-18 17:47:48
e6256e4ab86a446f90bb2a6243c58b5e,deba6c3d-b7b8-43d0-bbfc-742c815d9975,2024-06-18,2024-06-18 17:01:12,general,"""white_check_mark""","""white_check_mark""","""UNNH8IW78""",2024-06-18 17:47:48
81aead2bdd28ca98f03b5e8a0b52cb8b,deba6c3d-b7b8-43d0-bbfc-742c815d9975,2024-06-18,2024-06-18 17:01:12,general,"""point_up""","""point_up""","""UR257U86O""",2024-06-18 17:47:48
7011571c9cc1c4fd5b7fe5dec0c23b3b,991ce120-042d-4250-b20b-45a39be111ff,2024-09-19,2024-09-19 00:46:03,general,"""point_up""","""point_up""","""U81OT695K""",2024-09-19 01:33:30
154cfee2dd423916c4ed2b26e6f22b05,991ce120-042d-4250-b20b-45a39be111ff,2024-09-19,2024-09-19 00:46:03,general,"""point_up""","""point_up""","""U85PB3J63""",2024-09-19 01:33:30
c01cabb2540bc52a44ea1121de63a941,1c0c1455-096d-4981-aa62-0bcabd390fd3,2024-11-07,2024-11-07 07:23:20,marketing,"""laugh""","""laugh""","""U7ZP08017""",2024-11-07 07:37:16
51fb878b0e1a1bbb2eb111292a3edc0a,1c0c1455-096d-4981-aa62-0bcabd390fd3,2024-11-07,2024-11-07 07:23:20,marketing,"""laugh""","""laugh""","""UQY0NPYWN""",2024-11-07 07:37:16
9e40edfe59239111aba01e7323cb6089,1c0c1455-096d-4981-aa62-0bcabd390fd3,2024-11-07,2024-11-07 07:23:20,marketing,"""laugh""","""laugh""","""UL96240J4""",2024-11-07 07:37:16
46e2c61b44032e4e4c9ce975da817aec,9b545a72-f1bf-46f8-a150-1270a7f21fa0,2025-06-08,2025-06-08 09:26:21,random,"""raised_hands""","""raised_hands""","""UF39WLXAT""",2025-06-08 10:09:45
fa94792ab6cc9d585dd045acae49fd1e,9b545a72-f1bf-46f8-a150-1270a7f21fa0,2025-06-08,2025-06-08 09:26:21,random,"""raised_hands""","""raised_hands""","""UYVM94HE1""",2025-06-08 10:09:45
cac2e140b071e961edde7a5a5c83a799,670e63f6-61ca-4992-ad30-4bcfb09a8063,2025-05-26,2025-05-26 09:23:19,cats,"""this""","""this""","""UH749DC04""",2025-05-26 09:48:23
c7912118a09c9a2cbf6cf9a611bc93b4,e5c9dc42-a8c5-4e22-a5ea-94e11f1f5585,2025-09-27,2025-09-27 14:57:47,random,"""ty""","""ty""","""U3TE14ET2""",2025-09-27 15:37:09
dc550b1cb55dc703a47f48e5f6952674,e5c9dc42-a8c5-4e22-a5ea-94e11f1f5585,2025-09-27,2025-09-27 14:57:47,random,"""ty""","""ty""","""UK4V3ON2O""",2025-09-27 15:37:09
8b763d20371e05d45dacce64ae246406,e5c9dc42-a8c5-4e22-a5ea-94e11f1f5585,2025-09-27,2025-09-27 14:57:47,random,"""ty""","""ty""","""UL96240J4""",2025-09-27 15:37:09
51f29bcca9afd58a1dc2fc9dc62432d0,721003d8-86f6-4f9e-acc0-1fa645689152,2024-11-24,2024-11-24 23:22:50,random,"""laugh""","""laugh""","""U2M260029""",2024-11-24 23:43:10
9843acf50e3dc054a094d13b6df3e5b0,721003d8-86f6-4f9e-acc0-1fa645689152,2024-11-24,2024-11-24 23:22:50,random,"""laugh""","""laugh""","""UZ271WU40""",2024-11-24 23:43:10
1db0080787512bb31893468eae32af5c,721003d8-86f6-4f9e-acc0-1fa645689152,2024-11-24,2024-11-24 23:22:50,random,"""laugh""","""laugh""","""UPT27H737""",2024-11-24 23:43:10
6c444529e7a919081969bc5c1ba0b2c0,e7860277-4eed-47f3-8425-58a7d36aad8f,2024-10-15,2024-10-15 19:27:37,cats,"""point_up""","""point_up""","""U3TE14ET2""",2024-10-15 20:12:17
d0df7d9cbc766878792f1727e89bbd72,e7860277-4eed-47f3-8425-58a7d36aad8f,2024-10-15,2024-10-15 19:27:37,cats,"""point_up""","""point_up""","""UZ5125Y28""",2024-10-15 20:12:17
56e813041f9275906f11af26457dd8c2,e7860277-4eed-47f3-8425-58a7d36aad8f,2024-10-15,2024-10-15 19:27:37,cats,"""point_up""","""point_up""","""UK4V3ON2O""",2024-10-15 20:12:17
dab8cc3699fd7ea96bff1f8a1573bc6f,f0f60d68-d642-4b54-86d7-79ff659cceb1,2024-08-17,2024-08-17 22:10:57,cats,"""merged""","""merged""","""UF39WLXAT""",2024-08-17 22:58:56
77d4927c55ca4c010a4ee6af27592f42,82e710eb-abbc-450c-b8a9-e341d5b063a7,2024-10-10,2024-10-10 16:14:26,engineering,"""approved""","""approved""","""UF39WLXAT""",2024-10-10 16:51:11
f1dbed880534275c5066fbc4038c6493,fdc1b04b-270e-4ed4-bdda-011502e478e8,2025-05-10,2025-05-10 12:16:31,social,"""pray""","""pray""","""U0EIW7DOX""",2025-05-10 12:29:29
b29576cba9a37a535829ca015d7be1f4,b66ee28d-433a-4ce5-97c9-7f4b93af8e81,2025-06-06,2025-06-06 21:46:24,social,"""laugh""","""laugh""","""UV77JEL7Q""",2025-06-06 22:30:14
33af84151519fa190d7b945465577132,b66ee28d-433a-4ce5-97c9-7f4b93af8e81,2025-06-06,2025-06-06 21:46:24,social,"""laugh""","""laugh""","""UNVWFC5Q1""",2025-06-06 22:30:14
f7aa23b400331e8fdd38bf128efcba4b,bd67bd8f-d00e-4825-850d-f582d2bbba47,2025-10-03,2025-10-03 06:42:33,marketing,"""point_up""","""point_up""","""UG6UG9470""",2025-10-03 07:28:01
8603aa50825386b64ee6bbb8474a76f3,bd67bd8f-d00e-4825-850d-f582d2bbba47,2025-10-03,2025-10-03 06:42:33,marketing,"""point_up""","""point_up""","""USI1BH3K3""",2025-10-03 07:28:01
edef77c1b8524c4a58737b42786390e2,c7e8bbd1-963b-41bc-a779-28ff01de9951,2024-10-05,2024-10-05 08:20:24,engineering,"""white_check_mark""","""white_check_mark""","""UWW10VL06""",2024-10-05 08:49:53
a84297bbca4cf040d77c971daa29f996,e5c9dc42-a8c5-4e22-a5ea-94e11f1f5585,2025-09-27,2025-09-27 14:57:47,random,"""white_check_mark""","""white_check_mark""","""UL9VWQ9S2""",2025-09-27 15:37:09
637750179d9e21b5dc65ae212d9b1207,e5c9dc42-a8c5-4e22-a5ea-94e11f1f5585,2025-09-27,2025-09-27 14:57:47,random,"""white_check_mark""","""white_check_mark""","""U168N7Y9G""",2025-09-27 15:37:09
77920fbbc201f37f7c2bcba9df490917,e5c9dc42-a8c5-4e22-a5ea-94e11f1f5585,2025-09-27,2025-09-27 14:57:47,random,"""white_check_mark""","""white_check_mark""","""US3QTX4Z1""",2025-09-27 15:37:09
5b12a9f2121d8638fb06854f7ff3879c,e5c9dc42-a8c5-4e22-a5ea-94e11f1f5585,2025-09-27,2025-09-27 14:57:47,random,"""white_check_mark""","""white_check_mark""","""ULWL32B29""",2025-09-27 15:37:09
ff797e3ecfb006d8fe7e19b3a14917f9,07941fc7-cd12-4361-827b-537c86f528a2,2025-11-12,2025-11-12 17:54:45,engineering,"""laugh""","""laugh""","""UCL2RJ89X""",2025-11-12 18:47:58
cd0bb6c9cd7e40d551291a87e3017957,07941fc7-cd12-4361-827b-537c86f528a2,2025-11-12,2025-11-12 17:54:45,engineering,"""laugh""","""laugh""","""U0GBC0N90""",2025-11-12 18:47:58
1dedf4adfc5919ee1797b8b6062913ad,be311f21-d47d-4e54-988c-7662801826f6,2025-02-09,2025-02-09 07:54:56,cats,"""raised_hands""","""raised_hands""","""U8S28EIM6""",2025-02-09 08:49:21
978a272a37312178d62ea104a565e443,be311f21-d47d-4e54-988c-7662801826f6,2025-02-09,2025-02-09 07:54:56,cats,"""raised_hands""","""raised_hands""","""ULAN263E4""",2025-02-09 08:49:21
446bbb968f5b1e39c917d52a8ac311b7,b3c1fe8a-f26d-47d0-ae53-1ad370039f7d,2024-12-09,2024-12-09 12:51:57,general,"""merged""","""merged""","""U7W96XW2A""",2024-12-09 13:18:07
640b70b2ef8fa4eaa045837b4e6277a5,f161521f-2172-4147-b816-380e3ac03c02,2025-07-15,2025-07-15 22:50:39,social,"""raised_hands""","""raised_hands""","""U7PX1XVTE""",2025-07-15 23:03:39
64ee02a45d4007698d6d1f2423f08836,4ae55cea-9569-4b46-a189-0c4788964799,2025-05-18,2025-05-18 18:41:07,marketing,"""white_check_mark""","""white_check_mark""","""U7PX1XVTE""",2025-05-18 18:49:48
faf592b18a12ba4b7dda09a1615587fb,d019018a-23c6-4463-951c-6233af8768ee,2025-09-24,2025-09-24 12:14:38,engineering,"""pray""","""pray""","""U9E255NN9""",2025-09-24 13:11:35
bb5409785d357f4bb5cab6849d8c172f,be311f21-d47d-4e54-988c-7662801826f6,2025-02-09,2025-02-09 07:54:56,cats,"""laugh""","""laugh""","""UG6UG9470""",2025-02-09 08:49:21
617447a27632a090a4c8f1bc20ab4f0e,be311f21-d47d-4e54-988c-7662801826f6,2025-02-09,2025-02-09 07:54:56,cats,"""laugh""","""laugh""","""UIX8TSI0Y""",2025-02-09 08:49:21
6f93c3ff1257550178fad7beb07c41ed,be311f21-d47d-4e54-988c-7662801826f6,2025-02-09,2025-02-09 07:54:56,cats,"""laugh""","""laugh""","""U378U76S4""",2025-02-09 08:49:21
2b83fd2c83e864afb7e96f32ea423a1c,2e2e77b7-4b96-417b-bec2-2942cde6debd,2024-08-15,2024-08-15 00:16:33,general,"""point_up""","""point_up""","""UHGL04640""",2024-08-15 00:52:24
b56331d28ad032668e7e18e1c368acce,721003d8-86f6-4f9e-acc0-1fa645689152,2024-11-24,2024-11-24 23:22:50,random,"""merged""","""merged""","""UYVM94HE1""",2024-11-24 23:43:10
ca2db0588ad4c45d81a3535474be7165,721003d8-86f6-4f9e-acc0-1fa645689152,2024-11-24,2024-11-24 23:22:50,random,"""raised_hands""","""raised_hands""","""U34AX16M0""",2024-11-24 23:43:10
accf33fef05bf9b1b8fa0b3b145f6e9b,721003d8-86f6-4f9e-acc0-1fa645689152,2024-11-24,2024-11-24 23:22:50,random,"""raised_hands""","""raised_hands""","""UDC0ZA535""",2024-11-24 23:43:10
6face589230354c866b32fb7bc0c5326,721003d8-86f6-4f9e-acc0-1fa645689152,2024-11-24,2024-11-24 23:22:50,random,"""raised_hands""","""raised_hands""","""U5V38TNV1""",2024-11-24 23:43:10
23b82171f8177baade43cf9655f4ab0f,721003d8-86f6-4f9e-acc0-1fa645689152,2024-11-24,2024-11-24 23:22:50,random,"""raised_hands""","""raised_hands""","""U3GY5K9EQ""",2024-11-24 23:43:10
5ae3eae89437d876217d67b40a1431cb,721003d8-86f6-4f9e-acc0-1fa645689152,2024-11-24,2024-11-24 23:22:50,random,"""raised_hands""","""raised_hands""","""U81OT695K""",2024-11-24 23:43:10
affb28e910358205dc7dca55ddb1bc53,721003d8-86f6-4f9e-acc0-1fa645689152,2024-11-24,2024-11-24 23:22:50,random,"""raised_hands""","""raised_hands""","""UN979RN92""",2024-11-24 23:43:10
7908c42def4de5e1cb2ee2a7b9ad4953,70cc50ab-8ec5-43e6-b390-524903c9b9ff,2024-08-26,2024-08-26 04:40:43,social,"""approved""","""approved""","""UEA8H90WN""",2024-08-26 05:40:30
e34ac914e0fff8cf063f34ddc7e977d7,70cc50ab-8ec5-43e6-b390-524903c9b9ff,2024-08-26,2024-08-26 04:40:43,social,"""approved""","""approved""","""UNY6WDI60""",2024-08-26 05:40:30
b892ae52f0182adcd2054dc4214324a0,70cc50ab-8ec5-43e6-b390-524903c9b9ff,2024-08-26,2024-08-26 04:40:43,social,"""approved""","""approved""","""UHGL04640""",2024-08-26 05:40:30
ade160465083621a04a3c638773b9af3,70cc50ab-8ec5-43e6-b390-524903c9b9ff,2024-08-26,2024-08-26 04:40:43,social,"""approved""","""approved""","""UQSF747QR""",2024-08-26 05:40:30
c290bb36647812b781663ff11a046b5d,f0f60d68-d642-4b54-86d7-79ff659cceb1,2024-08-17,2024-08-17 22:10:57,cats,"""pray""","""pray""","""UN0J0I7F0""",2024-08-17 22:58:56
64b8035a14e1c14367473426deb93386,588f8ea0-bb97-49d0-9844-fd2261fec631,2024-08-01,2024-08-01 12:46:19,random,"""approved""","""approved""","""UB51ZBPGJ""",2024-08-01 13:06:07
10e49130a5895f588070730159a81a97,588f8ea0-bb97-49d0-9844-fd2261fec631,2024-08-01,2024-08-01 12:46:19,random,"""approved""","""approved""","""U3TE14ET2""",2024-08-01 13:06:07
1c0e022b84ff687582e20560c6de8d3e,111920bb-15fc-4e17-b34e-a95d01653950,2024-11-12,2024-11-12 19:33:38,general,"""laugh""","""laugh""","""U7ZP08017""",2024-11-12 19:43:12
a84a58229befa2cc9745db45f0a9799a,82e710eb-abbc-450c-b8a9-e341d5b063a7,2024-10-10,2024-10-10 16:14:26,engineering,"""this""","""this""","""ULWL32B29""",2024-10-10 16:51:11
6f96ca67fc73d78c2f80531d9925b493,82e710eb-abbc-450c-b8a9-e341d5b063a7,2024-10-10,2024-10-10 16:14:26,engineering,"""this""","""this""","""UB81I8027""",2024-10-10 16:51:11
9a17a63efc579d9bf0dad10f34885382,82e710eb-abbc-450c-b8a9-e341d5b063a7,2024-10-10,2024-10-10 16:14:26,engineering,"""this""","""this""","""UL92954KA""",2024-10-10 16:51:11
234bf0c001a905d49f5058cab5345e66,93550d27-d6cc-4178-9b02-fd7fa5f5a4eb,2025-11-23,2025-11-23 16:03:01,cats,"""pray""","""pray""","""UNC2V4ZD7""",2025-11-23 16:30:43
bda6063e718ac44bd08ec87d41299a5c,93550d27-d6cc-4178-9b02-fd7fa5f5a4eb,2025-11-23,2025-11-23 16:03:01,cats,"""pray""","""pray""","""UWL5JX23M""",2025-11-23 16:30:43
a728c51b9f374108dba940a96a2cb932,93550d27-d6cc-4178-9b02-fd7fa5f5a4eb,2025-11-23,2025-11-23 16:03:01,cats,"""pray""","""pray""","""U6P582A60""",2025-11-23 16:30:43
68a6768b2b130754bab14e0f790e8a21,93550d27-d6cc-4178-9b02-fd7fa5f5a4eb,2025-11-23,2025-11-23 16:03:01,cats,"""pray""","""pray""","""ULWL32B29""",2025-11-23 16:30:43
a32dda00a1481b1aac39b77cf5c53494,5a8f1b95-fff4-452d-9e3f-140ea8ad6f23,2025-05-04,2025-05-04 22:19:42,marketing,"""pray""","""pray""","""UL96240J4""",2025-05-04 23:17:28
9e989f026fa5d6d1da6a51525b76a593,a66f9ac0-1bd4-4d12-826f-f8e1988b502a,2025-11-19,2025-11-19 15:52:39,marketing,"""raised_hands""","""raised_hands""","""UL96240J4""",2025-11-19 15:55:25
5394fa09f77dcda5787169af0fa31c1c,721003d8-86f6-4f9e-acc0-1fa645689152,2024-11-24,2024-11-24 23:22:50,random,"""ty""","""ty""","""UU95TZPYP""",2024-11-24 23:43:10
bbd24abd175f07e6eb104adcf0ca6645,72953848-057e-4fb7-815d-907819180cf0,2025-11-24,2025-11-24 14:50:39,random,"""point_up""","""point_up""","""UU95TZPYP""",2025-11-24 15:23:13
7fdcc464416daf11a864b4a8e3527e76,cefb9a1f-57f5-48d5-b9d8-954bf9902fb5,2025-03-25,2025-03-25 19:01:28,general,"""laugh""","""laugh""","""U1FM88J9J""",2025-03-25 19:17:54
e21d02401170d71249d72cdc05df6a7b,66e856cf-5347-451b-95e8-3ca4709d1a55,2025-03-10,2025-03-10 01:35:40,marketing,"""ty""","""ty""","""U7PX1XVTE""",2025-03-10 02:12:25
79b8e91633aed3d61c27e9454383b8d9,66e856cf-5347-451b-95e8-3ca4709d1a55,2025-03-10,2025-03-10 01:35:40,marketing,"""ty""","""ty""","""UEA8H90WN""",2025-03-10 02:12:25
1474ff8c0050a8e6e06494a4c2808663,11f9259c-7f0d-4615-8d5a-6ad081c66939,2025-03-31,2025-03-31 22:34:19,social,"""ty""","""ty""","""U08ITMEA6""",2025-03-31 22:39:54
60e708f03677852aaca77e201e088d0f,cef7a291-a9b2-472d-9759-55ec60cf2fd9,2025-06-02,2025-06-02 00:37:14,marketing,"""merged""","""merged""","""UK4V3ON2O""",2025-06-02 01:06:06
00e6b25cac80bb6299e3792ac075f5d9,cef7a291-a9b2-472d-9759-55ec60cf2fd9,2025-06-02,2025-06-02 00:37:14,marketing,"""merged""","""merged""","""U3U77Y17K""",2025-06-02 01:06:06
d4fb4013fc5695be2418e0a160d96b6b,cef7a291-a9b2-472d-9759-55ec60cf2fd9,2025-06-02,2025-06-02 00:37:14,marketing,"""merged""","""merged""","""UJ65P6F44""",2025-06-02 01:06:06
67761b56f2c944221ed90bb1545bb2ad,cef7a291-a9b2-472d-9759-55ec60cf2fd9,2025-06-02,2025-06-02 00:37:14,marketing,"""merged""","""merged""","""UP9T7VJBF""",2025-06-02 01:06:06
155632924c1effe8f46ba0909e327fab,cef7a291-a9b2-472d-9759-55ec60cf2fd9,2025-06-02,2025-06-02 00:37:14,marketing,"""merged""","""merged""","""UB9LLF16J""",2025-06-02 01:06:06
587cb03ae0c424af2ecb2235fa563ab2,cef7a291-a9b2-472d-9759-55ec60cf2fd9,2025-06-02,2025-06-02 00:37:14,marketing,"""merged""","""merged""","""UB51ZBPGJ""",2025-06-02 01:06:06
c482ba48f3a2ade1bda0f5d481227beb,cef7a291-a9b2-472d-9759-55ec60cf2fd9,2025-06-02,2025-06-02 00:37:14,marketing,"""merged""","""merged""","""U85PB3J63""",2025-06-02 01:06:06
56581c828e4bd9e510e5c789e759dc6b,cef7a291-a9b2-472d-9759-55ec60cf2fd9,2025-06-02,2025-06-02 00:37:14,marketing,"""merged""","""merged""","""U378U76S4""",2025-06-02 01:06:06
1635fa8439bce008fec652a18e3893fe,cef7a291-a9b2-472d-9759-55ec60cf2fd9,2025-06-02,2025-06-02 00:37:14,marketing,"""merged""","""merged""","""UWW10VL06""",2025-06-02 01:06:06
4e775cbd13d48e1ed05718e906f06b83,cef7a291-a9b2-472d-9759-55ec60cf2fd9,2025-06-02,2025-06-02 00:37:14,marketing,"""merged""","""merged""","""U0381889F""",2025-06-02 01:06:06
55e93f2992bd825710ea3d1501d56a55,5ef426fa-c2f7-42f4-b775-3b12aafe6f65,2024-09-12,2024-09-12 02:30:24,cats,"""approved""","""approved""","""U306GEBY8""",2024-09-12 03:21:48
bdb7b4254a6411a61dbcd8071e8a3f35,2129be7e-e292-4d89-a864-f88bc6566e03,2025-08-24,2025-08-24 16:50:23,marketing,"""point_up""","""point_up""","""U306GEBY8""",2025-08-24 17:35:26
ecea029ff3ae35bff729c506a1494fd3,bcfe8578-8ec5-4076-9ebe-28528365a262,2024-11-23,2024-11-23 01:38:43,social,"""merged""","""merged""","""UN979RN92""",2024-11-23 02:25:17
5e3ccb9352a9487ac9c41c2b3e28c2aa,bcfe8578-8ec5-4076-9ebe-28528365a262,2024-11-23,2024-11-23 01:38:43,social,"""merged""","""merged""","""U1FM88J9J""",2024-11-23 02:25:17
6aa5d44de7ad0918bddf81c3c47a0542,bcfe8578-8ec5-4076-9ebe-28528365a262,2024-11-23,2024-11-23 01:38:43,social,"""merged""","""merged""","""UO513ARUP""",2024-11-23 02:25:17
3ba51c16c69b29d52b91ba301a04830c,bcfe8578-8ec5-4076-9ebe-28528365a262,2024-11-23,2024-11-23 01:38:43,social,"""merged""","""merged""","""U0D6182AR""",2024-11-23 02:25:17
5c2848bd93ee569172a20aa607c3a79f,f31572b0-daff-42b0-a63e-117b9d61e343,2024-09-18,2024-09-18 03:33:32,cats,"""this""","""this""","""U3TE14ET2""",2024-09-18 03:48:32
206bad94fc1ad38c673d1f8cf6cd6c10,f31572b0-daff-42b0-a63e-117b9d61e343,2024-09-18,2024-09-18 03:33:32,cats,"""this""","""this""","""UORS33I12""",2024-09-18 03:48:32
7c8365db95e4006c2f204d0293df9b67,46865cac-1fc7-4c1c-833a-d5e74ed30923,2025-05-22,2025-05-22 04:18:36,cats,"""raised_hands""","""raised_hands""","""U0381889F""",2025-05-22 04:37:35
96dfae1e6fa9364fff68a8dd786364b5,46865cac-1fc7-4c1c-833a-d5e74ed30923,2025-05-22,2025-05-22 04:18:36,cats,"""raised_hands""","""raised_hands""","""UEA8H90WN""",2025-05-22 04:37:35
4c4a0a27ad25f02bdea10b184dfaa339,46865cac-1fc7-4c1c-833a-d5e74ed30923,2025-05-22,2025-05-22 04:18:36,cats,"""raised_hands""","""raised_hands""","""UHGL04640""",2025-05-22 04:37:35
3d91c4439f5880e7b0471c051c4a3d2b,5ef426fa-c2f7-42f4-b775-3b12aafe6f65,2024-09-12,2024-09-12 02:30:24,cats,"""raised_hands""","""raised_hands""","""UEZMYV74R""",2024-09-12 03:21:48
2d2f0ecb20fad6c4f0a6c9f803da90a1,f0f60d68-d642-4b54-86d7-79ff659cceb1,2024-08-17,2024-08-17 22:10:57,cats,"""ty""","""ty""","""UFF1HYHJ2""",2024-08-17 22:58:56
1fef2e3b810b74628bd126429adc6f88,f161521f-2172-4147-b816-380e3ac03c02,2025-07-15,2025-07-15 22:50:39,social,"""approved""","""approved""","""UFF1HYHJ2""",2025-07-15 23:03:39
a91765a6192610a4dc45aca1128363c8,ebbf0a43-42cd-4a9b-89e3-0daeec467c3f,2024-10-17,2024-10-17 00:35:16,engineering,"""merged""","""merged""","""UV4M04Y17""",2024-10-17 01:23:08
64b2c7bfd37b965cefefda5ad0774fdd,ebbf0a43-42cd-4a9b-89e3-0daeec467c3f,2024-10-17,2024-10-17 00:35:16,engineering,"""merged""","""merged""","""U3O3NUM10""",2024-10-17 01:23:08
5f9465d0c9cfc439d5032a3c3c5b3ddc,ebbf0a43-42cd-4a9b-89e3-0daeec467c3f,2024-10-17,2024-10-17 00:35:16,engineering,"""merged""","""merged""","""UU95TZPYP""",2024-10-17 01:23:08
88267375e4d0f073cff22fe6eb4c494d,deba6c3d-b7b8-43d0-bbfc-742c815d9975,2024-06-18,2024-06-18 17:01:12,general,"""laugh""","""laugh""","""ULAN263E4""",2024-06-18 17:47:48
65f7cac24db8cb151b075bcca565e49b,513adecc-41a0-4f3c-93e4-dde57aca0482,2025-06-18,2025-06-18 01:05:33,random,"""laugh""","""laugh""","""ULAN263E4""",2025-06-18 01:28:17
e24d756dfb09074e37bb231ff776a8a1,9119a272-e70d-4018-b3f6-01f142a90382,2025-05-03,2025-05-03 04:36:45,cats,"""merged""","""merged""","""UL92954KA""",2025-05-03 05:08:47
aecbb69d5861e9d3cf4af13748a342a3,9119a272-e70d-4018-b3f6-01f142a90382,2025-05-03,2025-05-03 04:36:45,cats,"""merged""","""merged""","""UZ271WU40""",2025-05-03 05:08:47
1b16863d9b5c8d98950be32d8115a9bd,9119a272-e70d-4018-b3f6-01f142a90382,2025-05-03,2025-05-03 04:36:45,cats,"""merged""","""merged""","""UWW10VL06""",2025-05-03 05:08:47
aec1040e775237358c34c33a0ea46341,9119a272-e70d-4018-b3f6-01f142a90382,2025-05-03,2025-05-03 04:36:45,cats,"""merged""","""merged""","""UL2989703""",2025-05-03 05:08:47
47fe5c763feeee8352f73976b88830ab,9119a272-e70d-4018-b3f6-01f142a90382,2025-05-03,2025-05-03 04:36:45,cats,"""merged""","""merged""","""UWBXBIUB7""",2025-05-03 05:08:47
72d36b49dcc3784b6f3719d7fa8a7504,72953848-057e-4fb7-815d-907819180cf0,2025-11-24,2025-11-24 14:50:39,random,"""white_check_mark""","""white_check_mark""","""UV77JEL7Q""",2025-11-24 15:23:13
d24ed1a16384fdb219e9ef7d298d244f,72953848-057e-4fb7-815d-907819180cf0,2025-11-24,2025-11-24 14:50:39,random,"""white_check_mark""","""white_check_mark""","""U6P582A60""",2025-11-24 15:23:13
cb4a9319503bbcfc5205625894450661,991ce120-042d-4250-b20b-45a39be111ff,2024-09-19,2024-09-19 00:46:03,general,"""approved""","""approved""","""ULWL32B29""",2024-09-19 01:33:30
2dab13cc5f4a609f8a93bcf5babd689b,991ce120-042d-4250-b20b-45a39be111ff,2024-09-19,2024-09-19 00:46:03,general,"""approved""","""approved""","""U81OT695K""",2024-09-19 01:33:30
3a311efcadc9d46d06b5ccceb447909d,991ce120-042d-4250-b20b-45a39be111ff,2024-09-19,2024-09-19 00:46:03,general,"""approved""","""approved""","""UNY6WDI60""",2024-09-19 01:33:30
5df4b432459ca0ea21161e1113987c07,991ce120-042d-4250-b20b-45a39be111ff,2024-09-19,2024-09-19 00:46:03,general,"""approved""","""approved""","""UQSF747QR""",2024-09-19 01:33:30
69baa7fc55efe1f8703b7126920436d5,991ce120-042d-4250-b20b-45a39be111ff,2024-09-19,2024-09-19 00:46:03,general,"""approved""","""approved""","""UEZMYV74R""",2024-09-19 01:33:30
b12f4fc3398e3e7358a1fc5e4d8caa95,991ce120-042d-4250-b20b-45a39be111ff,2024-09-19,2024-09-19 00:46:03,general,"""approved""","""approved""","""U0EIW7DOX""",2024-09-19 01:33:30
acb322599604ef19b9c5dd2a5c4813e5,991ce120-042d-4250-b20b-45a39be111ff,2024-09-19,2024-09-19 00:46:03,general,"""approved""","""approved""","""U378U76S4""",2024-09-19 01:33:30
d2e04cab764c2d6fc77eeadc480e62d7,e4c076fd-fc3e-4170-ab22-bd5f05a445b3,2025-01-16,2025-01-16 01:32:55,cats,"""merged""","""merged""","""UKVN1ZI1Z""",2025-01-16 02:07:32
db38f15135ed3031362889dba93a18d5,a66f9ac0-1bd4-4d12-826f-f8e1988b502a,2025-11-19,2025-11-19 15:52:39,marketing,"""pray""","""pray""","""UKVN1ZI1Z""",2025-11-19 15:55:25
b7cf0a0992ef3b67384fd4f5e6b2802f,f161521f-2172-4147-b816-380e3ac03c02,2025-07-15,2025-07-15 22:50:39,social,"""laugh""","""laugh""","""UN979RN92""",2025-07-15 23:03:39
66f005c0448501054ed69ee44e8e9b33,e7860277-4eed-47f3-8425-58a7d36aad8f,2024-10-15,2024-10-15 19:27:37,cats,"""pray""","""pray""","""UIX8TSI0Y""",2024-10-15 20:12:17
f4ce2bd2071fa3cf0b85594330cd70bd,111920bb-15fc-4e17-b34e-a95d01653950,2024-11-12,2024-11-12 19:33:38,general,"""point_up""","""point_up""","""UB51ZBPGJ""",2024-11-12 19:43:12
d7a0c08b9845d089885c91438a66ef28,111920bb-15fc-4e17-b34e-a95d01653950,2024-11-12,2024-11-12 19:33:38,general,"""point_up""","""point_up""","""UU6K92DUR""",2024-11-12 19:43:12
a4193ff838e57009029019e41b5f51e2,8a976bf4-5da3-43f0-aba9-bb477afc727a,2025-03-22,2025-03-22 02:08:18,marketing,"""raised_hands""","""raised_hands""","""USI1BH3K3""",2025-03-22 02:33:23
d6073aeb7953b232e4364a980cb0b212,82e710eb-abbc-450c-b8a9-e341d5b063a7,2024-10-10,2024-10-10 16:14:26,engineering,"""white_check_mark""","""white_check_mark""","""USI1BH3K3""",2024-10-10 16:51:11
371e8017b6c353a9ca2271435af168a5,6c6d6992-ba32-450a-a93f-6732222cd679,2025-06-27,2025-06-27 14:11:26,marketing,"""approved""","""approved""","""U2XQ3JJAN""",2025-06-27 14:51:19
788a691ca08bbe6f05376874bfe30117,6c6d6992-ba32-450a-a93f-6732222cd679,2025-06-27,2025-06-27 14:11:26,marketing,"""approved""","""approved""","""U0KG42Q0P""",2025-06-27 14:51:19
79677a49a8c5c6d608acac84df49611e,6c6d6992-ba32-450a-a93f-6732222cd679,2025-06-27,2025-06-27 14:11:26,marketing,"""approved""","""approved""","""U3O3NUM10""",2025-06-27 14:51:19
36af5c9fd8713999642069d527f37536,9b545a72-f1bf-46f8-a150-1270a7f21fa0,2025-06-08,2025-06-08 09:26:21,random,"""ty""","""ty""","""U84A3Q05B""",2025-06-08 10:09:45
895a3e44cd7f86a1eb07f86ff954295e,1a1f21bf-d5d8-45c2-9a0f-a10d8adb6955,2024-12-21,2024-12-21 16:16:59,random,"""laugh""","""laugh""","""UNS22LGIY""",2024-12-21 17:13:09
8ea41fd5cf9ea8bac62956e4d947ce29,4dc66162-5aad-4d7f-9535-dcc2752b3296,2025-11-07,2025-11-07 18:40:55,general,"""point_up""","""point_up""","""UF39WLXAT""",2025-11-07 19:35:37
1a9567ae3585ee495d3a1bcd63d7874f,4dc66162-5aad-4d7f-9535-dcc2752b3296,2025-11-07,2025-11-07 18:40:55,general,"""point_up""","""point_up""","""U24SJD0U3""",2025-11-07 19:35:37
f5708993db1975e6ff5b104fead68d2a,4dc66162-5aad-4d7f-9535-dcc2752b3296,2025-11-07,2025-11-07 18:40:55,general,"""point_up""","""point_up""","""U0GBC0N90""",2025-11-07 19:35:37
1ce748b8df9e48990f03735ceb334be1,4dc66162-5aad-4d7f-9535-dcc2752b3296,2025-11-07,2025-11-07 18:40:55,general,"""point_up""","""point_up""","""UYJ494VWS""",2025-11-07 19:35:37
cadfc569cabf73a428ceeb05da9817f8,721003d8-86f6-4f9e-acc0-1fa645689152,2024-11-24,2024-11-24 23:22:50,random,"""pray""","""pray""","""U2QXC4ZNG""",2024-11-24 23:43:10
13582acfc83f76ac2c5d2bd96900c0f8,721003d8-86f6-4f9e-acc0-1fa645689152,2024-11-24,2024-11-24 23:22:50,random,"""pray""","""pray""","""UOBK5OFZ0""",2024-11-24 23:43:10
b53d33a821815466afe7a13a3576e48f,f0f60d68-d642-4b54-86d7-79ff659cceb1,2024-08-17,2024-08-17 22:10:57,cats,"""this""","""this""","""ULWL32B29""",2024-08-17 22:58:56
9548cc45e5875c4041c70e2cddb5eb03,f0f60d68-d642-4b54-86d7-79ff659cceb1,2024-08-17,2024-08-17 22:10:57,cats,"""this""","""this""","""U0EIW7DOX""",2024-08-17 22:58:56
c2d5c6d07f15ea9f20a161eafc9b9afa,588f8ea0-bb97-49d0-9844-fd2261fec631,2024-08-01,2024-08-01 12:46:19,random,"""this""","""this""","""UH749DC04""",2024-08-01 13:06:07
b45d8c18bba8908d9f814335073a8e33,588f8ea0-bb97-49d0-9844-fd2261fec631,2024-08-01,2024-08-01 12:46:19,random,"""this""","""this""","""UNNH8IW78""",2024-08-01 13:06:07
d3ef440d42ae5307620e1aa31a1a2307,588f8ea0-bb97-49d0-9844-fd2261fec631,2024-08-01,2024-08-01 12:46:19,random,"""this""","""this""","""U34AX16M0""",2024-08-01 13:06:07
733990f94c6d9158c7f8d1bc49f938b5,588f8ea0-bb97-49d0-9844-fd2261fec631,2024-08-01,2024-08-01 12:46:19,random,"""this""","""this""","""ULAN263E4""",2024-08-01 13:06:07
6b9f1bc13de8655eb07ff77e20ee85cf,405ab74d-d3b8-4313-8ad2-566e9e801735,2024-11-02,2024-11-02 00:06:36,cats,"""ty""","""ty""","""U3GY5K9EQ""",2024-11-02 00:16:32
99fa0254f6b72c8b9bd0d1af559016bc,405ab74d-d3b8-4313-8ad2-566e9e801735,2024-11-02,2024-11-02 00:06:36,cats,"""ty""","""ty""","""U0D6182AR""",2024-11-02 00:16:32
1c2587041c8c8db96e9e1b17018846f6,45e93938-a05d-4f50-b7bc-bd9c7e17b75a,2025-06-20,2025-06-20 06:16:45,general,"""raised_hands""","""raised_hands""","""U0D6182AR""",2025-06-20 06:29:30
6905c2572cef396561b132c47b267f67,a7e2d8d1-96f0-4b52-9628-579cb930be9a,2024-06-07,2024-06-07 09:24:21,random,"""laugh""","""laugh""","""U9YFOYM78""",2024-06-07 09:58:18
9076643d939ebb00e0a151dcaa0a8d00,a7e2d8d1-96f0-4b52-9628-579cb930be9a,2024-06-07,2024-06-07 09:24:21,random,"""laugh""","""laugh""","""UYEP6YY91""",2024-06-07 09:58:18
1d4a658da2919ffe9bf37c752bc545d5,a7e2d8d1-96f0-4b52-9628-579cb930be9a,2024-06-07,2024-06-07 09:24:21,random,"""laugh""","""laugh""","""U0D6182AR""",2024-06-07 09:58:18
2a32ed4fcdb01df0c1fba68df554ec62,cef7a291-a9b2-472d-9759-55ec60cf2fd9,2025-06-02,2025-06-02 00:37:14,marketing,"""this""","""this""","""UB51ZBPGJ""",2025-06-02 01:06:06
816b9deaeb9df83fb037ca4033389c9e,cef7a291-a9b2-472d-9759-55ec60cf2fd9,2025-06-02,2025-06-02 00:37:14,marketing,"""this""","""this""","""U24SJD0U3""",2025-06-02 01:06:06
c18b01210c82977937a0777b16f15396,cef7a291-a9b2-472d-9759-55ec60cf2fd9,2025-06-02,2025-06-02 00:37:14,marketing,"""this""","""this""","""U2QXC4ZNG""",2025-06-02 01:06:06
57be71c369ead672fb6d7f08514d3434,cef7a291-a9b2-472d-9759-55ec60cf2fd9,2025-06-02,2025-06-02 00:37:14,marketing,"""this""","""this""","""U85PB3J63""",2025-06-02 01:06:06
8dbd54d7cad7530a46c2d0bf129b0772,cef7a291-a9b2-472d-9759-55ec60cf2fd9,2025-06-02,2025-06-02 00:37:14,marketing,"""this""","""this""","""U0381889F""",2025-06-02 01:06:06
5251491f7a0edd3b321f398b2a19bdb9,e5c9dc42-a8c5-4e22-a5ea-94e11f1f5585,2025-09-27,2025-09-27 14:57:47,random,"""point_up""","""point_up""","""UH1039P7I""",2025-09-27 15:37:09
572fbf0d853f6cf07f41f02f00dc877c,e5c9dc42-a8c5-4e22-a5ea-94e11f1f5585,2025-09-27,2025-09-27 14:57:47,random,"""point_up""","""point_up""","""U81OT695K""",2025-09-27 15:37:09
41a8a27ec6df3090e4d26088fbd414b9,5ef426fa-c2f7-42f4-b775-3b12aafe6f65,2024-09-12,2024-09-12 02:30:24,cats,"""ty""","""ty""","""UF39WLXAT""",2024-09-12 03:21:48
28817da030f558bf1c3d9a2edcfb5f3c,5ef426fa-c2f7-42f4-b775-3b12aafe6f65,2024-09-12,2024-09-12 02:30:24,cats,"""ty""","""ty""","""UG6UG9470""",2024-09-12 03:21:48
18dee6ef9af2d43c22643c2066b004a4,5ef426fa-c2f7-42f4-b775-3b12aafe6f65,2024-09-12,2024-09-12 02:30:24,cats,"""ty""","""ty""","""UWW10VL06""",2024-09-12 03:21:48
7305d09261ee2502b52b8ea6cc3fc99a,5ef426fa-c2f7-42f4-b775-3b12aafe6f65,2024-09-12,2024-09-12 02:30:24,cats,"""ty""","""ty""","""U2XQ3JJAN""",2024-09-12 03:21:48
b5c56f12a4d918fdd2fcf92f64d6b0a4,5ef426fa-c2f7-42f4-b775-3b12aafe6f65,2024-09-12,2024-09-12 02:30:24,cats,"""ty""","""ty""","""UK839UQ5R""",2024-09-12 03:21:48
a41b73f11708938a780661a9ebbf82d8,111920bb-15fc-4e17-b34e-a95d01653950,2024-11-12,2024-11-12 19:33:38,general,"""this""","""this""","""UNC2V4ZD7""",2024-11-12 19:43:12
b41e5214f5725f3e4d883122158a7606,111920bb-15fc-4e17-b34e-a95d01653950,2024-11-12,2024-11-12 19:33:38,general,"""this""","""this""","""UU6K92DUR""",2024-11-12 19:43:12
26864295c426cd2045e6ced555ae6294,111920bb-15fc-4e17-b34e-a95d01653950,2024-11-12,2024-11-12 19:33:38,general,"""this""","""this""","""UDC0ZA535""",2024-11-12 19:43:12
f77c02a1578824521050d32aba45e6dc,deba6c3d-b7b8-43d0-bbfc-742c815d9975,2024-06-18,2024-06-18 17:01:12,general,"""raised_hands""","""raised_hands""","""U0381889F""",2024-06-18 17:47:48
12111f50f2c0a2fa5df531bc52c716c8,deba6c3d-b7b8-43d0-bbfc-742c815d9975,2024-06-18,2024-06-18 17:01:12,general,"""raised_hands""","""raised_hands""","""UNC2V4ZD7""",2024-06-18 17:47:48
36e3a5819b1d4c59cebc99a3db28e335,66e856cf-5347-451b-95e8-3ca4709d1a55,2025-03-10,2025-03-10 01:35:40,marketing,"""approved""","""approved""","""UK756E555""",2025-03-10 02:12:25
deae0a9f97b0f7b365d50fa6a9277967,66e856cf-5347-451b-95e8-3ca4709d1a55,2025-03-10,2025-03-10 01:35:40,marketing,"""approved""","""approved""","""US3QTX4Z1""",2025-03-10 02:12:25
91574c64f9aa8181d95040d94e1a14f7,c6cb13e9-e2f2-4cf4-9de4-b9ab30d7ebec,2025-01-15,2025-01-15 06:38:18,general,"""white_check_mark""","""white_check_mark""","""U6P582A60""",2025-01-15 07:30:26
9d42ea5095c22ae8d1ed85cace6974bb,3c69b9da-ec83-40db-bdf0-f69f53fe2b1a,2024-09-15,2024-09-15 00:11:58,random,"""ty""","""ty""","""ULRS0HVJ3""",2024-09-15 01:02:40
978df0033ba5a36d6747b817335559bf,3c69b9da-ec83-40db-bdf0-f69f53fe2b1a,2024-09-15,2024-09-15 00:11:58,random,"""ty""","""ty""","""U1FM88J9J""",2024-09-15 01:02:40
9b1969b5ccfe12861e0945efa412561f,01e55e63-6a59-4eff-986b-1616852738cf,2025-06-24,2025-06-24 11:09:16,random,"""ty""","""ty""","""U96N45CL2""",2025-06-24 11:57:04
30c0b88a5c1998afddaa00395bf849dd,01e55e63-6a59-4eff-986b-1616852738cf,2025-06-24,2025-06-24 11:09:16,random,"""ty""","""ty""","""UC3Z15JC3""",2025-06-24 11:57:04
51bdde4b7741edbdc883164edb7d3e79,01e55e63-6a59-4eff-986b-1616852738cf,2025-06-24,2025-06-24 11:09:16,random,"""ty""","""ty""","""UA7M10C0O""",2025-06-24 11:57:04
a1ffcea5caa0230abf2b80b72032e40d,01e55e63-6a59-4eff-986b-1616852738cf,2025-06-24,2025-06-24 11:09:16,random,"""ty""","""ty""","""UG6UG9470""",2025-06-24 11:57:04
8a1c307cafd881fefa7f8da7cb652678,01e55e63-6a59-4eff-986b-1616852738cf,2025-06-24,2025-06-24 11:09:16,random,"""ty""","""ty""","""UPT27H737""",2025-06-24 11:57:04
801062221da004be50dfd37c7681a44c,5ef426fa-c2f7-42f4-b775-3b12aafe6f65,2024-09-12,2024-09-12 02:30:24,cats,"""point_up""","""point_up""","""U8S28EIM6""",2024-09-12 03:21:48
6405f33529c5af8980be88833ab11f27,f161521f-2172-4147-b816-380e3ac03c02,2025-07-15,2025-07-15 22:50:39,social,"""white_check_mark""","""white_check_mark""","""U96N45CL2""",2025-07-15 23:03:39
41757969377fd58bbe15f093fd8b2980,e7860277-4eed-47f3-8425-58a7d36aad8f,2024-10-15,2024-10-15 19:27:37,cats,"""raised_hands""","""raised_hands""","""UPT27H737""",2024-10-15 20:12:17
d0dadb34f00aaf29de946b66ea324e16,e7860277-4eed-47f3-8425-58a7d36aad8f,2024-10-15,2024-10-15 19:27:37,cats,"""approved""","""approved""","""UDC0ZA535""",2024-10-15 20:12:17
2917f81c33c2ea1c683dae7b3e111139,e7860277-4eed-47f3-8425-58a7d36aad8f,2024-10-15,2024-10-15 19:27:37,cats,"""approved""","""approved""","""U9E255NN9""",2024-10-15 20:12:17
083bc0f0b17c8150085c92d9a3b9d554,e7860277-4eed-47f3-8425-58a7d36aad8f,2024-10-15,2024-10-15 19:27:37,cats,"""approved""","""approved""","""U7ZP08017""",2024-10-15 20:12:17
14270e92d4821ac6d82f3a4fe53ca098,9119a272-e70d-4018-b3f6-01f142a90382,2025-05-03,2025-05-03 04:36:45,cats,"""laugh""","""laugh""","""U8S28EIM6""",2025-05-03 05:08:47
8ffb557d46b49c69e3ca9c9f1db1fb31,9119a272-e70d-4018-b3f6-01f142a90382,2025-05-03,2025-05-03 04:36:45,cats,"""laugh""","""laugh""","""U4095YWYD""",2025-05-03 05:08:47
69fc19781277f3add73563b19445bbc5,9119a272-e70d-4018-b3f6-01f142a90382,2025-05-03,2025-05-03 04:36:45,cats,"""laugh""","""laugh""","""UC3Z15JC3""",2025-05-03 05:08:47
9e7fb4baf40f6f0cb467d8f54f4621c8,b3c1fe8a-f26d-47d0-ae53-1ad370039f7d,2024-12-09,2024-12-09 12:51:57,general,"""ty""","""ty""","""U3U77Y17K""",2024-12-09 13:18:07
31bb8f0ae62b9c2f281e606ecf3dac40,b3c1fe8a-f26d-47d0-ae53-1ad370039f7d,2024-12-09,2024-12-09 12:51:57,general,"""ty""","""ty""","""U7PX1XVTE""",2024-12-09 13:18:07
e7a83a77be5ec1ecbc76827c5a94c36f,b3c1fe8a-f26d-47d0-ae53-1ad370039f7d,2024-12-09,2024-12-09 12:51:57,general,"""ty""","""ty""","""UNVWFC5Q1""",2024-12-09 13:18:07
25917f00a4c7a027d44b59652bcbc5d6,2e2e77b7-4b96-417b-bec2-2942cde6debd,2024-08-15,2024-08-15 00:16:33,general,"""this""","""this""","""U2XQ3JJAN""",2024-08-15 00:52:24
852eae318f7d6c648f32a114865d4e85,2e2e77b7-4b96-417b-bec2-2942cde6debd,2024-08-15,2024-08-15 00:16:33,general,"""this""","""this""","""UFUV7GPHM""",2024-08-15 00:52:24
c0e205cfda0b5281b62c8f27767591a5,2e2e77b7-4b96-417b-bec2-2942cde6debd,2024-08-15,2024-08-15 00:16:33,general,"""this""","""this""","""UG6UG9470""",2024-08-15 00:52:24
22bc4d6701ba43b9683d348fdb60ef24,c6cb13e9-e2f2-4cf4-9de4-b9ab30d7ebec,2025-01-15,2025-01-15 06:38:18,general,"""merged""","""merged""","""ULWL32B29""",2025-01-15 07:30:26
688317c4ec89fb1d2f2f7a21d76cacc1,0bcffd89-1b0d-4fcd-9144-c7d0c462806d,2025-08-23,2025-08-23 13:18:11,engineering,"""this""","""this""","""UEA8H90WN""",2025-08-23 13:57:41
fb3baa9abbbe98b9c51f72074eef04ee,0bcffd89-1b0d-4fcd-9144-c7d0c462806d,2025-08-23,2025-08-23 13:18:11,engineering,"""this""","""this""","""UOBK5OFZ0""",2025-08-23 13:57:41
a8a6274afbf393f2b382de94e505b6f2,0bcffd89-1b0d-4fcd-9144-c7d0c462806d,2025-08-23,2025-08-23 13:18:11,engineering,"""this""","""this""","""UYJ494VWS""",2025-08-23 13:57:41
d213b93718fb56fb864ca77dbf3ecba8,0bcffd89-1b0d-4fcd-9144-c7d0c462806d,2025-08-23,2025-08-23 13:18:11,engineering,"""laugh""","""laugh""","""U549234TU""",2025-08-23 13:57:41
c1a4d559c89893914e1cc3bd1a9250af,0bcffd89-1b0d-4fcd-9144-c7d0c462806d,2025-08-23,2025-08-23 13:18:11,engineering,"""laugh""","""laugh""","""U96N45CL2""",2025-08-23 13:57:41
0dc4000faf972bc022c322482fac3833,96270939-dfd6-4f4e-aa3b-1d09d7eed4a2,2024-10-31,2024-10-31 06:43:24,social,"""merged""","""merged""","""U5V38TNV1""",2024-10-31 07:17:41
42aa47b79f39122f8294b28bd8ac9b7f,cefb9a1f-57f5-48d5-b9d8-954bf9902fb5,2025-03-25,2025-03-25 19:01:28,general,"""point_up""","""point_up""","""U7ZP08017""",2025-03-25 19:17:54
f829c1bdb6dc4b10f0e26be7ce39a1d7,cefb9a1f-57f5-48d5-b9d8-954bf9902fb5,2025-03-25,2025-03-25 19:01:28,general,"""point_up""","""point_up""","""UK4V3ON2O""",2025-03-25 19:17:54
2e5c41924d54b8de4073b0407fce7792,cefb9a1f-57f5-48d5-b9d8-954bf9902fb5,2025-03-25,2025-03-25 19:01:28,general,"""point_up""","""point_up""","""UL92954KA""",2025-03-25 19:17:54
6d4433e1b280d786c1b4caf1fd3ef0dd,66e856cf-5347-451b-95e8-3ca4709d1a55,2025-03-10,2025-03-10 01:35:40,marketing,"""this""","""this""","""UN979RN92""",2025-03-10 02:12:25
c0a14a05701490537ec01895cf2edc3c,66e856cf-5347-451b-95e8-3ca4709d1a55,2025-03-10,2025-03-10 01:35:40,marketing,"""this""","""this""","""UFUV7GPHM""",2025-03-10 02:12:25
4c83852f4a8f33f32dc75e918a6caf1c,2129be7e-e292-4d89-a864-f88bc6566e03,2025-08-24,2025-08-24 16:50:23,marketing,"""white_check_mark""","""white_check_mark""","""ULAN263E4""",2025-08-24 17:35:26
edbb3a696464c382c2c30dbad7c08464,2129be7e-e292-4d89-a864-f88bc6566e03,2025-08-24,2025-08-24 16:50:23,marketing,"""white_check_mark""","""white_check_mark""","""UZ5125Y28""",2025-08-24 17:35:26
70e9f66c7f51393acf374dee201a9983,4498e839-21e9-4ff0-ab5f-e4abbf443b37,2024-06-01,2024-06-01 19:40:35,engineering,"""this""","""this""","""U0KG42Q0P""",2024-06-01 20:35:20
ed10917778ff06d1734f3bdc31043b69,4498e839-21e9-4ff0-ab5f-e4abbf443b37,2024-06-01,2024-06-01 19:40:35,engineering,"""this""","""this""","""ULRS0HVJ3""",2024-06-01 20:35:20
912d71c4ac25ab153e32c6c8e05d50b5,4498e839-21e9-4ff0-ab5f-e4abbf443b37,2024-06-01,2024-06-01 19:40:35,engineering,"""this""","""this""","""UC3Z15JC3""",2024-06-01 20:35:20
1775e2f5b9a3dbfce852b855ce9bf140,e7860277-4eed-47f3-8425-58a7d36aad8f,2024-10-15,2024-10-15 19:27:37,cats,"""white_check_mark""","""white_check_mark""","""UZ90K3JDW""",2024-10-15 20:12:17
a46de5309ae84e5b501981c5fde8d012,e7860277-4eed-47f3-8425-58a7d36aad8f,2024-10-15,2024-10-15 19:27:37,cats,"""white_check_mark""","""white_check_mark""","""U3TE14ET2""",2024-10-15 20:12:17
26ea70540943adf48e2543cbb02afd0b,93550d27-d6cc-4178-9b02-fd7fa5f5a4eb,2025-11-23,2025-11-23 16:03:01,cats,"""white_check_mark""","""white_check_mark""","""UDC0ZA535""",2025-11-23 16:30:43
074caa3e5cbd3d22b83f26f063f4b99e,93550d27-d6cc-4178-9b02-fd7fa5f5a4eb,2025-11-23,2025-11-23 16:03:01,cats,"""white_check_mark""","""white_check_mark""","""UK4V3ON2O""",2025-11-23 16:30:43
8eccb69dee9819f44f54a5080f67af63,995d69b9-6c6f-4952-bf8d-d90f3833ba36,2025-06-20,2025-06-20 05:02:24,general,"""laugh""","""laugh""","""U81OT695K""",2025-06-20 05:18:35
373e61084eddf5fdadb2c2c69c205145,deba6c3d-b7b8-43d0-bbfc-742c815d9975,2024-06-18,2024-06-18 17:01:12,general,"""approved""","""approved""","""U2XQ3JJAN""",2024-06-18 17:47:48
9e7c2206ec4e917dd4eeaf1b5fe1033a,deba6c3d-b7b8-43d0-bbfc-742c815d9975,2024-06-18,2024-06-18 17:01:12,general,"""this""","""this""","""UY640917T""",2024-06-18 17:47:48
07363f808ff206a9bedabfc0e6ae897b,deba6c3d-b7b8-43d0-bbfc-742c815d9975,2024-06-18,2024-06-18 17:01:12,general,"""this""","""this""","""UYEP6YY91""",2024-06-18 17:47:48
a37de2762375909141796dca514fbb53,deba6c3d-b7b8-43d0-bbfc-742c815d9975,2024-06-18,2024-06-18 17:01:12,general,"""this""","""this""","""U4095YWYD""",2024-06-18 17:47:48
c639fe9a95da9862c9286c99a06499c3,9b545a72-f1bf-46f8-a150-1270a7f21fa0,2025-06-08,2025-06-08 09:26:21,random,"""pray""","""pray""","""U0381889F""",2025-06-08 10:09:45
fed56549a42d4d6ad0e375a06fc54986,9b545a72-f1bf-46f8-a150-1270a7f21fa0,2025-06-08,2025-06-08 09:26:21,random,"""pray""","""pray""","""UFF1HYHJ2""",2025-06-08 10:09:45
ddb46862e489af649064028a00b4b643,2e2e77b7-4b96-417b-bec2-2942cde6debd,2024-08-15,2024-08-15 00:16:33,general,"""pray""","""pray""","""U2XQ3JJAN""",2024-08-15 00:52:24
239a1d7a27f128f50f79fc488b7ab347,2e2e77b7-4b96-417b-bec2-2942cde6debd,2024-08-15,2024-08-15 00:16:33,general,"""pray""","""pray""","""UNNH8IW78""",2024-08-15 00:52:24
3c40c9a27dce967091df6634cd1dc671,4dc66162-5aad-4d7f-9535-dcc2752b3296,2025-11-07,2025-11-07 18:40:55,general,"""white_check_mark""","""white_check_mark""","""UFF1HYHJ2""",2025-11-07 19:35:37
b424d92f3224093f8735d873ea0096bc,4dc66162-5aad-4d7f-9535-dcc2752b3296,2025-11-07,2025-11-07 18:40:55,general,"""white_check_mark""","""white_check_mark""","""UC3Z15JC3""",2025-11-07 19:35:37
6a9f2ff6da5ef15d8efc549e7868bcab,4dc66162-5aad-4d7f-9535-dcc2752b3296,2025-11-07,2025-11-07 18:40:55,general,"""white_check_mark""","""white_check_mark""","""U5V38TNV1""",2025-11-07 19:35:37
275c9d2595371debeb7849548e2b2840,4dc66162-5aad-4d7f-9535-dcc2752b3296,2025-11-07,2025-11-07 18:40:55,general,"""white_check_mark""","""white_check_mark""","""UNY6WDI60""",2025-11-07 19:35:37
2697e241d3e136cdbe69b372aa792655,2129be7e-e292-4d89-a864-f88bc6566e03,2025-08-24,2025-08-24 16:50:23,marketing,"""this""","""this""","""UQSF747QR""",2025-08-24 17:35:26
19c2236ae25fd2a8f69636dadf59965e,2129be7e-e292-4d89-a864-f88bc6566e03,2025-08-24,2025-08-24 16:50:23,marketing,"""this""","""this""","""ULWL32B29""",2025-08-24 17:35:26
d3d0cf45532b64e494681fd5d82765d4,ebbf0a43-42cd-4a9b-89e3-0daeec467c3f,2024-10-17,2024-10-17 00:35:16,engineering,"""approved""","""approved""","""U8S28EIM6""",2024-10-17 01:23:08
f4b0442b89bfe1602f8f95440725ee42,ebbf0a43-42cd-4a9b-89e3-0daeec467c3f,2024-10-17,2024-10-17 00:35:16,engineering,"""approved""","""approved""","""U3HY0BS3W""",2024-10-17 01:23:08
0e8d594f51af5dec3b7b73b5007e743e,96270939-dfd6-4f4e-aa3b-1d09d7eed4a2,2024-10-31,2024-10-31 06:43:24,social,"""pray""","""pray""","""U9E255NN9""",2024-10-31 07:17:41
8980730576229092997713f0194a0810,96270939-dfd6-4f4e-aa3b-1d09d7eed4a2,2024-10-31,2024-10-31 06:43:24,social,"""pray""","""pray""","""UZ90K3JDW""",2024-10-31 07:17:41
097d73e456c2c5871c16428715153cf4,4dc66162-5aad-4d7f-9535-dcc2752b3296,2025-11-07,2025-11-07 18:40:55,general,"""laugh""","""laugh""","""UL92954KA""",2025-11-07 19:35:37
