HOST_ID,is_currently_superhost,acct_age_before_achieving_superhost,status_change_count,last_status_change_at
1581,false,3800,2,2025-01-01 00:00:00
2164,true,3806,2,2025-01-01 00:00:00
2217,true,2267,2,2025-01-01 00:00:00
3718,false,5475,2,2025-01-01 00:00:00
11622,false,951,2,2025-01-01 00:00:00
12360,true,2318,2,2025-01-01 00:00:00
12424,false,936,2,2025-01-01 00:00:00
15115,false,3437,2,2025-01-01 00:00:00
17391,true,5255,2,2025-01-01 00:00:00
22901,false,3983,2,2025-01-01 00:00:00
32299,false,929,2,2025-01-01 00:00:00
32918,false,2650,2,2025-01-01 00:00:00
33355,false,4020,2,2025-01-01 00:00:00
33852,false,3229,2,2025-01-01 00:00:00
35103,false,2371,2,2025-01-01 00:00:00
48159,false,1824,2,2025-01-01 00:00:00
54283,true,4844,2,2025-01-01 00:00:00
55531,true,4948,2,2025-01-01 00:00:00
60495,false,946,2,2025-01-01 00:00:00
64696,false,5116,2,2025-01-01 00:00:00
68997,false,5227,2,2025-01-01 00:00:00
71331,false,4268,2,2025-01-01 00:00:00
71913,false,3469,2,2025-01-01 00:00:00
73158,false,2352,2,2025-01-01 00:00:00
84157,false,3101,2,2025-01-01 00:00:00
86159,false,4811,2,2025-01-01 00:00:00
86173,false,4744,2,2025-01-01 00:00:00
87357,true,4833,2,2025-01-01 00:00:00
94918,false,5120,2,2025-01-01 00:00:00
98237,false,2219,2,2025-01-01 00:00:00
99662,false,5005,2,2025-01-01 00:00:00
102461,true,2803,2,2025-01-01 00:00:00
109039,false,937,2,2025-01-01 00:00:00
112168,false,2532,2,2025-01-01 00:00:00
112675,true,4899,2,2025-01-01 00:00:00
119815,false,2160,2,2025-01-01 00:00:00
133204,false,2925,2,2025-01-01 00:00:00
134583,false,2843,2,2025-01-01 00:00:00
143180,false,5038,2,2025-01-01 00:00:00
145583,false,2782,2,2025-01-01 00:00:00
145808,false,4492,2,2025-01-01 00:00:00
147778,false,3617,2,2025-01-01 00:00:00
149093,true,3652,2,2025-01-01 00:00:00
151200,true,1779,2,2025-01-01 00:00:00
151248,true,4593,2,2025-01-01 00:00:00
156897,false,4277,2,2025-01-01 00:00:00
158127,false,2703,2,2025-01-01 00:00:00
159734,false,5063,2,2025-01-01 00:00:00
160191,false,2801,2,2025-01-01 00:00:00
161221,true,2826,2,2025-01-01 00:00:00
161823,false,2883,2,2025-01-01 00:00:00
161864,false,1738,2,2025-01-01 00:00:00
162648,true,1864,2,2025-01-01 00:00:00
163384,false,5017,2,2025-01-01 00:00:00
164321,false,2134,2,2025-01-01 00:00:00
166294,false,929,2,2025-01-01 00:00:00
171057,false,3674,2,2025-01-01 00:00:00
174970,false,4453,2,2025-01-01 00:00:00
179110,false,5043,2,2025-01-01 00:00:00
179872,false,3540,2,2025-01-01 00:00:00
186851,true,4734,2,2025-01-01 00:00:00
187941,false,2998,2,2025-01-01 00:00:00
194957,false,5003,2,2025-01-01 00:00:00
196413,false,3449,2,2025-01-01 00:00:00
201786,false,1069,2,2025-01-01 00:00:00
201936,true,3652,2,2025-01-01 00:00:00
203248,false,954,2,2025-01-01 00:00:00
204484,false,1711,2,2025-01-01 00:00:00
206108,false,3308,2,2025-01-01 00:00:00
206338,true,4180,2,2025-01-01 00:00:00
213446,false,2547,2,2025-01-01 00:00:00
214527,false,3688,2,2025-01-01 00:00:00
218479,false,5007,2,2025-01-01 00:00:00
228016,false,4365,2,2025-01-01 00:00:00
234391,false,931,2,2025-01-01 00:00:00
235351,true,1946,2,2025-01-01 00:00:00
239309,false,3177,2,2025-01-01 00:00:00
245517,false,2059,2,2025-01-01 00:00:00
246313,false,3075,2,2025-01-01 00:00:00
246684,false,942,2,2025-01-01 00:00:00
246890,true,4292,2,2025-01-01 00:00:00
248690,false,2482,2,2025-01-01 00:00:00
249501,false,4750,2,2025-01-01 00:00:00
254200,false,1064,2,2025-01-01 00:00:00
261488,false,4068,2,2025-01-01 00:00:00
264020,false,3563,2,2025-01-01 00:00:00
264072,true,3953,2,2025-01-01 00:00:00
265689,false,950,2,2025-01-01 00:00:00
269771,false,2000,2,2025-01-01 00:00:00
272316,false,5082,2,2025-01-01 00:00:00
276540,true,3934,2,2025-01-01 00:00:00
280605,false,3239,2,2025-01-01 00:00:00
281614,true,4513,2,2025-01-01 00:00:00
282786,false,2752,2,2025-01-01 00:00:00
286494,false,4413,2,2025-01-01 00:00:00
296424,false,4120,2,2025-01-01 00:00:00
297078,true,3285,2,2025-01-01 00:00:00
302404,false,945,2,2025-01-01 00:00:00
308290,false,2307,2,2025-01-01 00:00:00
308441,false,4340,2,2025-01-01 00:00:00
309364,true,2804,1,2024-06-01 00:00:00
311022,true,4395,1,2024-06-01 00:00:00
312373,false,4590,1,2024-06-01 00:00:00
312427,true,2094,1,2024-06-01 00:00:00
312896,true,4646,1,2024-06-01 00:00:00
315681,false,4468,1,2024-06-01 00:00:00
317464,true,2858,1,2024-06-01 00:00:00
333520,true,3970,1,2024-06-01 00:00:00
336850,true,2344,1,2024-06-01 00:00:00
337396,true,3359,1,2024-06-01 00:00:00
342965,true,2014,1,2024-06-01 00:00:00
344615,true,4344,1,2024-06-01 00:00:00
344665,false,3654,1,2024-06-01 00:00:00
347279,true,3975,1,2024-06-01 00:00:00
351073,false,2014,1,2024-06-01 00:00:00
353585,true,1302,1,2024-06-01 00:00:00
358915,true,4438,1,2024-06-01 00:00:00
359011,true,952,1,2024-06-01 00:00:00
361507,true,3012,1,2024-06-01 00:00:00
368264,true,3508,1,2024-06-01 00:00:00
369677,true,1506,1,2024-06-01 00:00:00
381006,true,2690,1,2024-06-01 00:00:00
384365,false,2326,1,2024-06-01 00:00:00
386940,true,3637,1,2024-06-01 00:00:00
390380,true,2564,1,2024-06-01 00:00:00
390761,false,2687,1,2024-06-01 00:00:00
394381,true,2855,1,2024-06-01 00:00:00
396915,true,3990,1,2024-06-01 00:00:00
399745,false,4268,1,2024-06-01 00:00:00
417276,false,2729,1,2024-06-01 00:00:00
422837,true,4498,1,2024-06-01 00:00:00
424604,true,3946,1,2024-06-01 00:00:00
425899,false,4650,1,2024-06-01 00:00:00
429311,false,994,1,2024-06-01 00:00:00
437628,false,4655,1,2024-06-01 00:00:00
443499,false,3073,1,2024-06-01 00:00:00
443681,false,4013,1,2024-06-01 00:00:00
447160,false,3906,1,2024-06-01 00:00:00
447761,true,938,1,2024-06-01 00:00:00
451311,true,3332,1,2024-06-01 00:00:00
452231,true,2972,1,2024-06-01 00:00:00
454103,false,3080,1,2024-06-01 00:00:00
454244,true,1773,1,2024-06-01 00:00:00
454712,true,947,1,2024-06-01 00:00:00
455176,true,3452,1,2024-06-01 00:00:00
456057,true,2675,1,2024-06-01 00:00:00
456085,false,4661,1,2024-06-01 00:00:00
467817,true,925,1,2024-06-01 00:00:00
467895,true,2169,1,2024-06-01 00:00:00
470146,true,4701,1,2024-06-01 00:00:00
472567,false,4599,1,2024-06-01 00:00:00
474705,true,2647,1,2024-06-01 00:00:00
477531,true,3725,1,2024-06-01 00:00:00
485824,true,2147,1,2024-06-01 00:00:00
485838,false,4868,1,2024-06-01 00:00:00
490965,true,2511,1,2024-06-01 00:00:00
493012,true,945,1,2024-06-01 00:00:00
493400,true,2354,1,2024-06-01 00:00:00
493494,true,945,1,2024-06-01 00:00:00
496754,true,3094,1,2024-06-01 00:00:00
498957,true,3082,1,2024-06-01 00:00:00
499725,true,4310,1,2024-06-01 00:00:00
509324,true,1045,1,2024-06-01 00:00:00
512909,true,1567,1,2024-06-01 00:00:00
514903,true,3018,1,2024-06-01 00:00:00
518154,true,2733,1,2024-06-01 00:00:00
518625,true,3628,1,2024-06-01 00:00:00
531005,true,2874,1,2024-06-01 00:00:00
539061,true,936,1,2024-06-01 00:00:00
540085,true,2285,1,2024-06-01 00:00:00
540534,true,4557,1,2024-06-01 00:00:00
544343,false,2978,1,2024-06-01 00:00:00
545015,false,1722,1,2024-06-01 00:00:00
545412,true,2142,1,2024-06-01 00:00:00
553892,true,942,1,2024-06-01 00:00:00
554154,true,2887,1,2024-06-01 00:00:00
560204,true,953,1,2024-06-01 00:00:00
560812,true,4236,1,2024-06-01 00:00:00
560831,true,3741,1,2024-06-01 00:00:00
561918,true,2061,1,2024-06-01 00:00:00
570951,true,4605,1,2024-06-01 00:00:00
572602,true,1861,1,2024-06-01 00:00:00
581300,true,2149,1,2024-06-01 00:00:00
582007,true,4189,1,2024-06-01 00:00:00
582197,true,2517,1,2024-06-01 00:00:00
584179,true,2828,1,2024-06-01 00:00:00
584750,true,3938,1,2024-06-01 00:00:00
590130,true,3605,1,2024-06-01 00:00:00
590973,true,3219,1,2024-06-01 00:00:00
594164,true,4741,1,2024-06-01 00:00:00
596097,false,2501,1,2024-06-01 00:00:00
601347,true,1335,1,2024-06-01 00:00:00
603167,true,3879,1,2024-06-01 00:00:00
603195,true,1619,1,2024-06-01 00:00:00
604588,false,2057,1,2024-06-01 00:00:00
623519,true,2257,1,2024-06-01 00:00:00
627959,false,3635,1,2024-06-01 00:00:00
628990,true,2416,1,2024-06-01 00:00:00
632174,false,4446,1,2024-06-01 00:00:00
632971,true,3348,1,2024-06-01 00:00:00
641197,true,1220,1,2025-01-01 00:00:00
641507,true,1144,1,2025-01-01 00:00:00
656774,true,2018,1,2025-01-01 00:00:00
661223,true,1161,1,2025-01-01 00:00:00
661390,true,2637,1,2025-01-01 00:00:00
662534,false,4559,1,2025-01-01 00:00:00
662565,false,2376,1,2025-01-01 00:00:00
665354,true,1154,1,2025-01-01 00:00:00
666728,true,2395,1,2025-01-01 00:00:00
671536,false,4439,1,2025-01-01 00:00:00
674978,false,3040,1,2025-01-01 00:00:00
676296,true,2788,1,2025-01-01 00:00:00
677856,true,1147,1,2025-01-01 00:00:00
683771,true,2206,1,2025-01-01 00:00:00
689609,true,2449,1,2025-01-01 00:00:00
696492,true,4887,1,2025-01-01 00:00:00
697166,true,1142,1,2025-01-01 00:00:00
698575,true,3496,1,2025-01-01 00:00:00
703879,true,2439,1,2025-01-01 00:00:00
704463,true,2934,1,2025-01-01 00:00:00
707701,true,1272,1,2025-01-01 00:00:00
708217,true,1986,1,2025-01-01 00:00:00
708304,true,4529,1,2025-01-01 00:00:00
708769,false,1496,1,2025-01-01 00:00:00
712073,false,4533,1,2025-01-01 00:00:00
712311,true,4139,1,2025-01-01 00:00:00
712973,true,4851,1,2025-01-01 00:00:00
716475,true,1143,1,2025-01-01 00:00:00
718340,true,3038,1,2025-01-01 00:00:00
718939,false,2553,1,2025-01-01 00:00:00
719464,false,3169,1,2025-01-01 00:00:00
720423,true,1164,1,2025-01-01 00:00:00
721022,true,3985,1,2025-01-01 00:00:00
725852,true,2367,1,2025-01-01 00:00:00
726769,false,4288,1,2025-01-01 00:00:00
727822,true,2441,1,2025-01-01 00:00:00
728298,true,3397,1,2025-01-01 00:00:00
730791,true,2933,1,2025-01-01 00:00:00
734807,true,3526,1,2025-01-01 00:00:00
738412,true,1164,1,2025-01-01 00:00:00
741614,true,1950,1,2025-01-01 00:00:00
743741,false,2758,1,2025-01-01 00:00:00
750165,true,4935,1,2025-01-01 00:00:00
756801,true,3090,1,2025-01-01 00:00:00
759922,true,3320,1,2025-01-01 00:00:00
761787,false,3253,1,2025-01-01 00:00:00
762672,true,1158,1,2025-01-01 00:00:00
763065,true,1929,1,2025-01-01 00:00:00
768877,true,1157,1,2025-01-01 00:00:00
774949,true,2682,1,2025-01-01 00:00:00
775103,true,4863,1,2025-01-01 00:00:00
776810,true,3188,1,2025-01-01 00:00:00
779213,true,4756,1,2025-01-01 00:00:00
783178,true,3569,1,2025-01-01 00:00:00
784423,true,3972,1,2025-01-01 00:00:00
788958,true,3193,1,2025-01-01 00:00:00
794712,false,1799,1,2025-01-01 00:00:00
796576,true,3636,1,2025-01-01 00:00:00
797804,true,1887,1,2025-01-01 00:00:00
801366,true,4213,1,2025-01-01 00:00:00
803717,true,4565,1,2025-01-01 00:00:00
809715,true,3450,1,2025-01-01 00:00:00
814026,true,4550,1,2025-01-01 00:00:00
818418,true,2061,1,2025-01-01 00:00:00
819379,true,1407,1,2025-01-01 00:00:00
820633,false,1981,1,2025-01-01 00:00:00
823691,true,2004,1,2025-01-01 00:00:00
824591,true,3473,1,2025-01-01 00:00:00
826078,false,1921,1,2025-01-01 00:00:00
826546,true,4864,1,2025-01-01 00:00:00
829048,true,3541,1,2025-01-01 00:00:00
831239,true,1147,1,2025-01-01 00:00:00
833209,true,3173,1,2025-01-01 00:00:00
833995,true,4793,1,2025-01-01 00:00:00
839045,true,2344,1,2025-01-01 00:00:00
839108,true,3246,1,2025-01-01 00:00:00
839532,true,4802,1,2025-01-01 00:00:00
843072,true,1149,1,2025-01-01 00:00:00
843326,false,4405,1,2025-01-01 00:00:00
843520,true,3039,1,2025-01-01 00:00:00
843558,true,2950,1,2025-01-01 00:00:00
845790,true,3399,1,2025-01-01 00:00:00
853446,true,4830,1,2025-01-01 00:00:00
857327,true,4757,1,2025-01-01 00:00:00
858675,true,1150,1,2025-01-01 00:00:00
859725,true,2830,1,2025-01-01 00:00:00
864399,true,4547,1,2025-01-01 00:00:00
866270,true,3191,1,2025-01-01 00:00:00
868242,false,3856,1,2025-01-01 00:00:00
868282,false,4526,1,2025-01-01 00:00:00
870254,true,3402,1,2025-01-01 00:00:00
870376,false,4332,1,2025-01-01 00:00:00
874215,true,1242,1,2025-01-01 00:00:00
876545,true,1143,1,2025-01-01 00:00:00
876782,true,3141,1,2025-01-01 00:00:00
877133,true,3298,1,2025-01-01 00:00:00
882801,true,4746,1,2025-01-01 00:00:00
882961,true,2110,1,2025-01-01 00:00:00
889228,true,2124,1,2025-01-01 00:00:00
889370,true,1157,1,2025-01-01 00:00:00
897665,true,1292,0,
898345,true,4232,0,
907115,true,1044,0,
908562,true,894,0,
909226,true,2985,0,
911135,true,2385,0,
920085,true,4207,0,
920717,true,3062,0,
934287,true,1734,0,
944530,true,4465,0,
955509,true,4169,0,
956350,true,4484,0,
968243,true,3145,0,
969532,true,3258,0,
972575,true,1412,0,
973167,true,2061,0,
983936,true,3039,0,
994927,true,3569,0,
1027271,true,3432,0,
1039350,true,4494,0,
1040171,true,2047,0,
1057527,true,2427,0,
1093787,true,3172,0,
1107206,true,4419,0,
1107814,true,2150,0,
1142834,true,3906,0,
1146238,true,4478,0,
1151789,true,1607,0,
1156924,true,4409,0,
1175327,true,953,0,
1183139,true,2335,0,
1185192,true,2134,0,
1194258,true,3426,0,
1196119,true,4360,0,
1197946,true,3456,0,
1205458,true,2752,0,
1219893,true,4392,0,
1228713,true,918,0,
1244828,true,4286,0,
1246047,true,1534,0,
1247962,true,2625,0,
1250154,true,4442,0,
1259589,true,2893,0,
1262962,true,4260,0,
1271213,true,3539,0,
1271339,true,1870,0,
1274606,true,4283,0,
1275576,true,4030,0,
1275795,true,3204,0,
1293030,true,4137,0,
1293484,true,2032,0,
1294110,true,3329,0,
1300595,true,1491,0,
1303212,true,4360,0,
1310272,true,4180,0,
1310866,true,4207,0,
1311309,true,3832,0,
1312190,true,4389,0,
1312645,true,1773,0,
1315189,true,2515,0,
1316194,true,3894,0,
1318500,true,4210,0,
1318886,true,2104,0,
1343263,true,4211,0,
1345035,true,4096,0,
1345381,true,4149,0,
1352204,true,1532,0,
1354122,true,4236,0,
1361440,true,1011,0,
1367805,true,3868,0,
1385793,true,1922,0,
1399741,true,2882,0,
1404760,true,3586,0,
1407041,true,2038,0,
1420077,true,4242,0,
1422088,true,1018,0,
1424914,true,1674,0,
1428852,true,4262,0,
1450795,true,3810,0,
1452057,true,2747,0,
1464437,true,1938,0,
1466063,true,3610,0,
1472760,true,2375,0,
1483789,true,4108,0,
1500683,true,3708,0,
1531988,true,1945,0,
1546071,true,1803,0,
1561180,true,1687,0,
1575292,true,4307,0,
1581930,true,3099,0,
1602903,true,4244,0,
1641541,true,3901,0,
1644092,true,3249,0,
1670453,true,2253,0,
1725729,true,3048,0,
1749470,true,3718,0,
1756514,true,1918,0,
1760878,true,1623,0,
1787661,true,4273,0,
1802005,true,1954,0,
1819907,true,2677,0,
1823098,true,3086,0,
1832975,true,4280,0,
1836439,true,4173,0,
1843138,true,2888,0,
1845374,true,2144,0,
1885286,true,1724,0,
1886199,true,1625,0,
1888120,true,2710,0,
1903768,true,4199,0,
1914346,true,2984,0,
1977531,true,2417,0,
1980057,true,1959,0,
1992886,true,4269,0,
1999307,true,2108,0,
2003254,true,1623,0,
2008587,true,2538,0,
2028853,true,4128,0,
2041054,true,3156,0,
2110953,true,2284,0,
2115002,true,4272,0,
2158214,true,2724,0,
2202419,true,4131,0,
2214923,true,2381,0,
2219552,true,3939,0,
2228341,true,1211,0,
2254959,true,1262,0,
2262593,true,2698,0,
2264025,true,2720,0,
2271792,true,4173,0,
2283051,true,2706,0,
2295395,true,3472,0,
2331454,true,2354,0,
2347025,true,4195,0,
2354578,true,1734,0,
2355449,true,2342,0,
2366664,true,4174,0,
2366721,true,1835,0,
2390305,true,3142,0,
2415122,true,4202,0,
2431409,true,2384,0,
2446178,true,3186,0,
2494425,true,4178,0,
2547002,true,4214,0,
2551837,true,1743,0,
2575381,true,1561,0,
2587389,true,2078,0,
2621923,true,4172,0,
2625980,true,4132,0,
2627000,true,3935,0,
2654327,true,2467,0,
2662493,true,4195,0,
2679993,true,3780,0,
2690936,true,4167,0,
2709580,true,4187,0,
2757738,true,904,0,
2769139,true,4181,0,
2788076,true,3820,0,
2806304,true,2447,0,
2837924,true,2733,0,
2866107,true,2315,0,
2895415,true,2056,0,
2900624,true,4189,0,
2904275,true,1606,0,
2908020,true,2023,0,
2931691,true,2270,0,
2955144,true,1455,0,
2970075,true,1406,0,
2970698,true,1691,0,
3003519,true,2591,0,
3035951,true,3018,0,
3044047,true,3157,0,
3051026,true,3895,0,
3073100,true,2553,0,
3077149,true,2402,0,
3079136,true,982,0,
3088389,true,4060,0,
3122986,true,2894,0,
3144062,true,1704,0,
3169962,true,2373,0,
3171163,true,3836,0,
3172289,true,1777,0,
3177278,true,3451,0,
3183173,true,1852,0,
3183826,true,4155,0,
3188892,true,2010,0,
3214630,true,4147,0,
3243508,true,829,0,
3259989,true,4111,0,
3287639,true,4125,0,
3316798,true,3895,0,
3337306,true,3434,0,
3347060,true,1947,0,
3386222,true,4121,0,
3428669,true,2658,0,
3446458,true,2027,0,
3465079,true,3514,0,
3524996,true,1980,0,
3548424,true,1100,0,
3583682,true,1584,0,
3586250,true,1897,0,
3614519,true,2966,0,
3617435,true,1554,0,
3621802,true,1629,0,
3622827,true,3114,0,
3629279,true,3594,0,
3672535,true,3703,0,
3699503,true,3395,0,
3783747,true,4172,0,
3823364,true,2384,0,
3846301,true,1898,0,
3880200,true,2805,0,
3893392,true,1587,0,
3938463,true,2052,0,
4010883,true,2979,0,
4011048,true,1286,0,
4023263,true,2721,0,
4030461,true,3998,0,
4036761,true,3630,0,
4054170,true,4005,0,
4054647,true,4026,0,
4057507,true,3771,0,
4063229,true,3026,0,
4065526,true,3145,0,
4076626,true,3972,0,
4108700,true,2537,0,
4127628,true,2730,0,
4137814,true,4033,0,
4142348,true,1943,0,
4171914,true,1572,0,
4200829,true,1441,0,
4264487,true,2260,0,
4293936,true,1855,0,
4295934,true,919,0,
4311528,true,1967,0,
4354642,true,1394,0,
4370679,true,2304,0,
4374625,true,2044,0,
4436983,true,928,0,
4446082,true,3964,0,
4461607,true,3930,0,
4583391,true,3922,0,
4616252,true,3002,0,
4637512,true,2055,0,
4647121,true,3807,0,
4654308,true,3388,0,
4655176,true,3087,0,
4662843,true,1940,0,
4678991,true,1409,0,
4680255,true,3968,0,
4682147,true,2366,0,
4689351,true,1683,0,
4722329,true,3656,0,
4729446,true,2391,0,
4736382,true,3423,0,
4761922,true,1627,0,
4762520,true,1894,0,
4790602,true,3899,0,
4820099,true,3935,0,
4822278,true,3857,0,
4873725,true,3226,0,
4876365,true,3053,0,
4879990,true,2349,0,
4904972,true,779,0,
4908062,true,2667,0,
4942666,true,3933,0,
4961047,true,1794,0,
4973214,true,1826,0,
4980663,true,3986,0,
5017227,true,2637,0,
5044501,true,3934,0,
5056339,true,3924,0,
5099177,true,1269,0,
5141022,true,2172,0,
5194400,true,2443,0,
5211369,true,1663,0,
5307516,true,1718,0,
5344945,true,2694,0,
5352418,true,1994,0,
5358103,true,3883,0,
5403913,true,2786,0,
5412567,true,3624,0,
5431184,true,3175,0,
5475298,true,1656,0,
5476245,true,1782,0,
5483335,true,3930,0,
5483472,true,1847,0,
5497311,true,1460,0,
5497851,true,3304,0,
5511683,true,1956,0,
5531171,true,2519,0,
5541517,true,1583,0,
5572112,true,2871,0,
5597128,true,2225,0,
5625603,true,1555,0,
5637692,true,3403,0,
5640504,true,3259,0,
5687919,true,3898,0,
5730626,true,1478,0,
5738556,true,3843,0,
5780938,true,2421,0,
5782835,true,3295,0,
5846882,true,3089,0,
5850574,true,2304,0,
5874663,true,1313,0,
5876541,true,3910,0,
5891250,true,1712,0,
5901886,true,1667,0,
5949335,true,2463,0,
5951584,true,889,0,
5954131,true,2991,0,
5982514,true,2108,0,
5986722,true,3808,0,
6021865,true,3573,0,
6051493,true,3551,0,
6051685,true,2664,0,
6063739,true,1821,0,
6063858,true,878,0,
6070708,true,2417,0,
6073146,true,1838,0,
6130801,true,2425,0,
6159706,true,2708,0,
6178686,true,1600,0,
6204418,true,1603,0,
6209920,true,3030,0,
6226344,true,3893,0,
6226529,true,2843,0,
6292483,true,3791,0,
6300727,true,3809,0,
6321453,true,1495,0,
6323869,true,2223,0,
6347549,true,2083,0,
6354841,true,1964,0,
6366832,true,1825,0,
6420472,true,3308,0,
6438552,true,3856,0,
6444753,true,3724,0,
6455819,true,2402,0,
6485008,true,3779,0,
6489161,true,2333,0,
6522168,true,3622,0,
6536070,true,1948,0,
6543031,true,1992,0,
6549867,true,3833,0,
6584336,true,3547,0,
6588733,true,2671,0,
6630483,true,3659,0,
6636571,true,1715,0,
6639099,true,2999,0,
6657704,true,3389,0,
6660317,true,1558,0,
6667328,true,1252,0,
6682282,true,1865,0,
6711220,true,1411,0,
6712574,true,1188,0,
6748543,true,1494,0,
6758980,true,2323,0,
6762020,true,2816,0,
6782131,true,3842,0,
6817854,true,3859,0,
6823092,true,3806,0,
6870892,true,3792,0,
6880089,true,2841,0,
6913952,true,2467,0,
6940392,true,3202,0,
6944715,true,3085,0,
6962136,true,2489,0,
6964953,true,1696,0,
6966463,true,1687,0,
6983517,true,3371,0,
6999167,true,2706,0,
7023585,true,1732,0,
7040480,true,1538,0,
7070629,true,3807,0,
7083302,true,2070,0,
7085590,true,1537,0,
7085812,true,2546,0,
7101186,true,3844,0,
7104635,true,1455,0,
7180371,true,3793,0,
7194747,true,3802,0,
7209360,true,3839,0,
7234685,true,1415,0,
7296581,true,1652,0,
7306430,true,3657,0,
7311165,true,2406,0,
7390327,true,920,0,
7443864,true,1931,0,
7452832,true,1463,0,
7545909,true,3810,0,
7552025,true,2934,0,
7662733,true,1454,0,
7763213,true,1749,0,
7772829,true,1597,0,
7790860,true,2310,0,
7793193,true,2896,0,
7818881,true,1018,0,
7818896,true,1538,0,
7843911,true,3388,0,
7886166,true,1798,0,
7905210,true,3628,0,
7908075,true,2410,0,
7925731,true,1895,0,
7946999,true,3226,0,
8037004,true,957,0,
8099439,true,2923,0,
8122393,true,2446,0,
8196204,true,3768,0,
8205525,true,2802,0,
8213234,true,1401,0,
8239857,true,3162,0,
8273742,true,2008,0,
8280002,true,2283,0,
8280699,true,1778,0,
8318509,true,2465,0,
8322880,true,1395,0,
8343261,true,2115,0,
8358940,true,1758,0,
8377378,true,1847,0,
8406209,true,3770,0,
8465331,true,1140,0,
8491730,true,900,0,
8505520,true,1476,0,
8514732,true,3592,0,
8539150,true,1957,0,
8546502,true,1563,0,
8581519,true,2301,0,
8583050,true,1531,0,
8613508,true,1231,0,
8620339,true,877,0,
8628147,true,2064,0,
8639592,true,1573,0,
8651009,true,2583,0,
8687701,true,1996,0,
8722266,true,2807,0,
8768401,true,1680,0,
8769041,true,1688,0,
8792782,true,3196,0,
8826574,true,3555,0,
8897828,true,3050,0,
8928112,true,2068,0,
8928846,true,3223,0,
8958744,true,2840,0,
8983067,true,3555,0,
9001431,true,2489,0,
9026893,true,2931,0,
9027357,true,3739,0,
9063993,true,1749,0,
9194512,true,2476,0,
9203861,true,1840,0,
9235826,true,2324,0,
9255308,true,3543,0,
9275367,true,3452,0,
9284058,true,2298,0,
9352702,true,3370,0,
9370682,true,3657,0,
9378961,true,2236,0,
9404220,true,2263,0,
9436682,true,3726,0,
9440477,true,3251,0,
9447495,true,2486,0,
9459332,true,2218,0,
9508039,true,2179,0,
9539205,true,1871,0,
9559031,true,1205,0,
9576132,true,795,0,
9611782,true,3681,0,
9630847,true,1100,0,
9681477,true,3175,0,
9704251,true,2837,0,
9716983,true,2422,0,
9717672,true,3571,0,
9720547,true,3537,0,
9725358,true,3296,0,
9734552,true,3564,0,
9751730,true,3645,0,
9772617,true,3573,0,
9800961,true,3449,0,
9803219,true,1963,0,
9814331,true,2038,0,
9820449,true,2282,0,
9825857,true,3587,0,
9843584,true,1741,0,
9846895,true,1833,0,
9861565,true,3244,0,
9936892,true,3398,0,
9991161,true,2401,0,
10009328,true,1721,0,
10108425,true,3060,0,
10146191,true,1656,0,
10174301,true,3512,0,
10208985,true,3226,0,
10287456,true,3555,0,
10313050,true,3661,0,
10370396,true,1997,0,
10402919,true,3589,0,
10489231,true,3667,0,
10505160,true,2345,0,
10505537,true,2833,0,
10506886,true,3662,0,
10537681,true,3653,0,
10542019,true,3599,0,
10614190,true,3156,0,
10668563,true,2774,0,
10669110,true,3652,0,
10690131,true,2556,0,
10692949,true,3666,0,
10696403,true,3652,0,
10750960,true,1234,0,
10790770,true,3246,0,
10909573,true,2555,0,
10986253,true,3506,0,
11020264,true,2365,0,
11058197,true,3556,0,
11163136,true,3390,0,
11176587,true,3543,0,
11199373,true,1589,0,
11227533,true,1431,0,
11253167,true,1235,0,
11254315,true,1600,0,
11284717,true,1476,0,
11315646,true,3182,0,
11415703,true,2942,0,
11471194,true,3442,0,
11471743,true,2527,0,
11482966,true,2361,0,
11505526,true,2366,0,
11512922,true,2784,0,
11678628,true,2455,0,
11701433,true,3538,0,
11736601,true,2074,0,
11747840,true,2007,0,
11763735,true,2990,0,
11774953,true,1339,0,
11789937,true,2118,0,
11804788,true,2346,0,
11899380,true,3619,0,
11901571,true,2810,0,
11928160,true,1400,0,
11973365,true,3495,0,
12024962,true,2197,0,
12068149,true,2004,0,
12077750,true,985,0,
12149952,true,3135,0,
12154423,true,2910,0,
12157127,true,1845,0,
12234103,true,3573,0,
12288303,true,1928,0,
12293343,true,1279,0,
12296983,true,2803,0,
12360153,true,1989,0,
12367270,true,3523,0,
12377808,true,3538,0,
12385532,true,3471,0,
12422709,true,2635,0,
12503130,true,2151,0,
12643175,true,2025,0,
12659779,true,2690,0,
12671652,true,3443,0,
12694377,true,3410,0,
12716840,true,3548,0,
12751503,true,929,0,
12755545,true,3032,0,
12831548,true,1887,0,
12832282,true,3464,0,
12898189,true,1576,0,
12917471,true,781,0,
12950365,true,1819,0,
12962618,true,3425,0,
12980866,true,860,0,
13155778,true,2592,0,
13174855,true,3490,0,
13220307,true,3392,0,
13247054,true,2237,0,
13308024,true,1559,0,
13315290,true,3085,0,
13349246,true,2783,0,
13369500,true,3541,0,
13396720,true,3296,0,
13435326,true,3545,0,
13509407,true,793,0,
13555007,true,3530,0,
13587997,true,3128,0,
13603270,true,3536,0,
13628724,true,3528,0,
13631332,true,2618,0,
13632665,true,2503,0,
13688174,true,3534,0,
13769624,true,3485,0,
13911315,true,3546,0,
13949498,true,2424,0,
14045746,true,3446,0,
14159498,true,2178,0,
14177960,true,2465,0,
14217553,true,2107,0,
14232996,true,3022,0,
14261109,true,2678,0,
14276801,true,1426,0,
14313670,true,2679,0,
14358563,true,3067,0,
14365250,true,3537,0,
14439231,true,2726,0,
14474248,true,3375,0,
14477936,true,1838,0,
14506646,true,1528,0,
14569714,true,2411,0,
14701980,true,2601,0,
14706103,true,1861,0,
14737994,true,2671,0,
14932229,true,1177,0,
15008839,true,1840,0,
15089977,true,2315,0,
15132751,true,3081,0,
15145288,true,1893,0,
15217798,true,2717,0,
15249629,true,1739,0,
15418632,true,3286,0,
15428277,true,3508,0,
15433876,true,2668,0,
15469015,true,1045,0,
15507365,true,887,0,
15728531,true,3481,0,
15791056,true,1128,0,
15802059,true,3082,0,
16171641,true,895,0,
16215073,true,1985,0,
16320372,true,2676,0,
16472922,true,1645,0,
16481607,true,1248,0,
16514578,true,1724,0,
16630523,true,1030,0,
16735987,true,3477,0,
16811832,true,3423,0,
16890203,true,3442,0,
16899416,true,1318,0,
16913288,true,2369,0,
16914022,true,1961,0,
16934464,true,3203,0,
16985784,true,3006,0,
17004360,true,1582,0,
17021170,true,2415,0,
17029506,true,2229,0,
17139260,true,2983,0,
17152791,true,1795,0,
17186581,true,802,0,
17281021,true,1673,0,
17335726,true,2201,0,
17443440,true,1700,0,
17461583,true,941,0,
17465614,true,2353,0,
17500296,true,3175,0,
17552469,true,3091,0,
17598745,true,2750,0,
17664754,true,2715,0,
17670857,true,3466,0,
17677975,true,1427,0,
17681942,true,1596,0,
17699482,true,2393,0,
17709810,true,2939,0,
17801617,true,2357,0,
17952846,true,1818,0,
17995172,true,3383,0,
18003202,true,2819,0,
18045830,true,2377,0,
18181974,true,1882,0,
18317451,true,1947,0,
18343728,true,886,0,
18454600,true,1243,0,
18463959,true,3298,0,
18489024,true,3053,0,
18540104,true,1409,0,
18572824,true,3246,0,
18657804,true,2492,0,
18678819,true,2521,0,
18721832,true,889,0,
18740832,true,2375,0,
18867174,true,3436,0,
18906856,true,1843,0,
19035475,true,3428,0,
19217405,true,2463,0,
19295022,true,2573,0,
19346492,true,1220,0,
19448002,true,1659,0,
19482579,true,2015,0,
19527112,true,2002,0,
19548509,true,2281,0,
19610820,true,3434,0,
19621552,true,2064,0,
19645006,true,949,0,
19692963,true,2030,0,
19837126,true,2558,0,
19847104,true,3372,0,
19880718,true,2598,0,
19882712,true,3410,0,
19888930,true,2049,0,
19964062,true,2734,0,
19972363,true,2639,0,
20001289,true,3403,0,
20307915,true,2429,0,
20388548,true,2007,0,
20400055,true,1696,0,
20483267,true,1334,0,
20485532,true,2341,0,
20500981,true,2489,0,
20509822,true,2363,0,
20522637,true,1790,0,
20545784,true,1467,0,
20549237,true,3229,0,
20549586,true,2160,0,
20558626,true,3390,0,
20560972,true,3328,0,
20593011,true,2792,0,
20613057,true,1513,0,
20653948,true,3413,0,
20680329,true,1691,0,
20705098,true,1480,0,
20756808,true,786,0,
20807361,true,3397,0,
20814193,true,2415,0,
20882412,true,3384,0,
20940587,true,3398,0,
20965659,true,885,0,
20973364,true,1912,0,
20973585,true,3380,0,
20997299,true,1695,0,
21039336,true,3397,0,
21074515,true,2817,0,
21136403,true,1812,0,
21145522,true,3226,0,
21280081,true,2047,0,
21354081,true,2836,0,
21367113,true,2744,0,
21370048,true,2094,0,
21413848,true,2464,0,
21579265,true,780,0,
21633427,true,3382,0,
21768264,true,2556,0,
22121404,true,3188,0,
22231410,true,3333,0,
22231999,true,3372,0,
22276081,true,3040,0,
22312996,true,2870,0,
22399141,true,1243,0,
22511671,true,3334,0,
22597677,true,2082,0,
22600198,true,2376,0,
22615718,true,1698,0,
22692037,true,3174,0,
22693048,true,3353,0,
22746819,true,3355,0,
22837630,true,2372,0,
22877363,true,3223,0,
22933112,true,3234,0,
22972869,true,2412,0,
22982051,true,1792,0,
23053909,true,1812,0,
23060978,true,2366,0,
23136688,true,1594,0,
23155049,true,3258,0,
23160623,true,3347,0,
23179173,true,2941,0,
23204011,true,2387,0,
23211273,true,1981,0,
23245207,true,3202,0,
23285304,true,1422,0,
23324507,true,1938,0,
23341681,true,1091,0,
23403660,true,2498,0,
23602925,true,1569,0,
23728686,true,3208,0,
23850969,true,2645,0,
23961923,true,3292,0,
24003510,true,1734,0,
24082857,true,1608,0,
24106099,true,2310,0,
24201922,true,2554,0,
24507087,true,3291,0,
24513179,true,1708,0,
24573491,true,937,0,
24578399,true,1487,0,
24650038,true,2689,0,
24736843,true,1448,0,
24763300,true,1695,0,
24824610,true,1198,0,
25190201,true,1473,0,
25314536,true,1944,0,
25335713,true,1468,0,
25499343,true,1135,0,
25676238,true,3198,0,
25684726,true,3081,0,
25806170,true,2360,0,
25926578,true,2385,0,
26037286,true,1552,0,
26152106,true,1474,0,
26155117,true,3214,0,
26204012,true,2176,0,
26333790,true,1633,0,
26358051,true,2127,0,
26400881,true,1529,0,
26478366,true,3231,0,
26501076,true,2481,0,
26673919,true,2056,0,
26836482,true,3230,0,
26846518,true,1701,0,
27118353,true,1443,0,
27191347,true,1238,0,
27301742,true,3240,0,
27341594,true,3168,0,
27489080,true,1953,0,
27546863,true,2447,0,
27570453,true,3208,0,
27742459,true,2552,0,
27828478,true,2525,0,
27846962,true,1931,0,
27992532,true,3047,0,
28035407,true,1011,0,
28055255,true,2142,0,
28151563,true,3211,0,
28232694,true,2062,0,
28243691,true,1463,0,
28333985,true,2945,0,
28400540,true,3126,0,
28489650,true,3197,0,
28490863,true,2449,0,
28525998,true,3220,0,
28545678,true,2925,0,
28613168,true,1159,0,
28668688,true,1571,0,
28760296,true,3214,0,
28853270,true,1436,0,
29052203,true,2073,0,
29054247,true,2957,0,
29278000,true,3110,0,
29314512,true,2012,0,
29461009,true,3156,0,
29512829,true,2434,0,
29515318,true,2041,0,
29608154,true,1533,0,
29668439,true,1752,0,
29837295,true,2182,0,
29862383,true,1793,0,
29936776,true,2770,0,
29966940,true,3052,0,
30011180,true,1957,0,
30027132,true,2829,0,
30157770,true,1977,0,
30198172,true,2136,0,
30266181,true,1786,0,
30269303,true,3204,0,
30270794,true,1592,0,
30552540,true,3139,0,
30683181,true,1202,0,
30701537,true,3181,0,
30707308,true,1317,0,
30957235,true,1582,0,
30981168,true,3136,0,
31015408,true,2675,0,
31024641,true,1747,0,
31085232,true,3099,0,
31142978,true,2461,0,
31208043,true,3173,0,
31281588,true,2332,0,
31387967,true,2558,0,
31413794,true,1717,0,
31639381,true,934,0,
31683132,true,3176,0,
31707416,true,3053,0,
31724232,true,3093,0,
31950185,true,2281,0,
31961950,true,2077,0,
32021063,true,2677,0,
32036246,true,1473,0,
32222299,true,2969,0,
32260085,true,3156,0,
32408628,true,1935,0,
32438295,true,1482,0,
32482556,true,3142,0,
32784244,true,1464,0,
32893834,true,2863,0,
32901587,true,2622,0,
32956641,true,2667,0,
33028115,true,3099,0,
33104828,true,2565,0,
33349791,true,2511,0,
33405965,true,2880,0,
33587771,true,1983,0,
33767700,true,3150,0,
33800333,true,877,0,
34110693,true,1289,0,
34126191,true,1283,0,
34126795,true,1557,0,
34336191,true,1465,0,
34349999,true,3130,0,
34430690,true,1871,0,
34537843,true,1458,0,
34846299,true,3091,0,
34851217,true,1781,0,
34970450,true,2473,0,
35024779,true,3019,0,
35275726,true,2526,0,
35306439,true,1498,0,
35373901,true,3116,0,
35502976,true,2935,0,
35615646,true,1776,0,
35803835,true,3102,0,
35877170,true,3106,0,
35880089,true,2701,0,
36013814,true,2875,0,
36110684,true,1888,0,
36345590,true,3098,0,
36372814,true,2458,0,
36490143,true,2823,0,
36517313,true,3062,0,
36624804,true,2277,0,
36762019,true,2993,0,
36892410,true,1556,0,
36939917,true,3099,0,
36946449,true,2736,0,
37070340,true,775,0,
37197450,true,2834,0,
37530408,true,1711,0,
37580772,true,2089,0,
37663921,true,2174,0,
37804394,true,3078,0,
38338692,true,2513,0,
38341781,true,3065,0,
38463072,true,814,0,
38783099,true,2064,0,
39222511,true,3043,0,
39230948,true,3073,0,
39234951,true,2000,0,
39439951,true,3019,0,
39618235,true,2069,0,
39671122,true,2323,0,
39681803,true,1588,0,
39686450,true,1931,0,
39774017,true,3085,0,
39845442,true,3065,0,
39925692,true,3078,0,
40100342,true,2067,0,
40103500,true,3057,0,
40392695,true,3003,0,
40451869,true,1731,0,
40494047,true,1838,0,
40534951,true,1649,0,
40677262,true,1816,0,
40726115,true,1845,0,
41077105,true,2441,0,
41083910,true,2754,0,
41093498,true,1437,0,
41119131,true,2759,0,
41144716,true,2418,0,
41177374,true,1716,0,
41295048,true,3044,0,
41360991,true,3061,0,
41432446,true,2200,0,
41599772,true,3052,0,
41900053,true,3041,0,
41997303,true,2701,0,
42044906,true,3046,0,
42374921,true,3031,0,
42506714,true,2748,0,
42589440,true,1648,0,
42648992,true,2098,0,
42667991,true,1662,0,
42671030,true,1885,0,
42687196,true,2742,0,
42704504,true,2795,0,
42815772,true,2808,0,
43370113,true,2919,0,
43525474,true,2581,0,
43585547,true,1965,0,
43608525,true,2692,0,
43856294,true,2981,0,
44764833,true,3025,0,
44866580,true,1468,0,
44985737,true,1477,0,
45047587,true,2061,0,
45342773,true,2351,0,
45387947,true,2192,0,
45395148,true,2637,0,
45496468,true,2411,0,
45499567,true,1939,0,
45529243,true,2039,0,
45569143,true,2480,0,
45585790,true,1888,0,
45671942,true,1437,0,
45792607,true,2997,0,
45890233,true,994,0,
45975496,true,2991,0,
46136643,true,3010,0,
46160332,true,991,0,
46357364,true,2347,0,
46473860,true,1032,0,
46621075,true,1936,0,
46640381,true,2901,0,
46692555,true,1794,0,
46854651,true,3001,0,
46911033,true,2979,0,
46964992,true,2142,0,
47125192,true,2860,0,
47467330,true,1980,0,
47580450,true,1672,0,
47920551,true,1894,0,
48073704,true,1586,0,
48090800,true,2334,0,
48194724,true,1113,0,
48242833,true,2979,0,
48330762,true,1759,0,
48554991,true,1704,0,
48598844,true,2808,0,
48600187,true,1828,0,
48666378,true,2176,0,
49019837,true,1997,0,
49068215,true,2796,0,
49331865,true,2079,0,
49423896,true,2963,0,
49480576,true,2471,0,
49815862,true,2805,0,
49850828,true,2473,0,
49878241,true,1443,0,
49916080,true,1578,0,
50046135,true,2935,0,
50100689,true,2556,0,
50393653,true,2949,0,
50658705,true,1296,0,
50679189,true,2920,0,
50725594,true,953,0,
50884171,true,2078,0,
51239150,true,2806,0,
51416094,true,1465,0,
51508411,true,2929,0,
51790334,true,2091,0,
51885311,true,2924,0,
52108855,true,2910,0,
52296044,true,2780,0,
52309277,true,2315,0,
52347599,true,2169,0,
52547830,true,2929,0,
52695146,true,2680,0,
52846636,true,2847,0,
52856310,true,2310,0,
53025541,true,2363,0,
53153293,true,2253,0,
53195002,true,1211,0,
53393720,true,1955,0,
53454109,true,2106,0,
53684639,true,2866,0,
53808299,true,932,0,
54391982,true,2242,0,
55674119,true,1720,0,
55743225,true,2520,0,
56014099,true,2397,0,
56170557,true,2802,0,
56179378,true,1526,0,
56236881,true,1875,0,
56349256,true,1673,0,
56470016,true,2221,0,
56528258,true,2061,0,
56573811,true,856,0,
56796487,true,2864,0,
56876031,true,1778,0,
57133876,true,2729,0,
57137320,true,1474,0,
57769991,true,2887,0,
58012780,true,1515,0,
58016126,true,871,0,
58309097,true,1479,0,
58709682,true,2837,0,
58756297,true,1760,0,
58760491,true,2883,0,
58793477,true,2687,0,
58877960,true,2137,0,
59138020,true,2715,0,
59612353,true,2308,0,
59664105,true,1214,0,
59724629,true,2806,0,
59858355,true,2844,0,
60709250,true,2807,0,
60712748,true,2827,0,
61098012,true,952,0,
61417977,true,2822,0,
61506911,true,2832,0,
61783281,true,2316,0,
62055673,true,2242,0,
62088260,true,2007,0,
62098133,true,2001,0,
62105827,true,2019,0,
62139339,true,917,0,
62297614,true,2601,0,
62571313,true,1218,0,
62614252,true,2196,0,
62747694,true,1731,0,
62806514,true,877,0,
62819516,true,2810,0,
62952853,true,1628,0,
63232479,true,1420,0,
63298493,true,2205,0,
63577664,true,1425,0,
63847294,true,2320,0,
63897670,true,1151,0,
63951654,true,2355,0,
64132839,true,2768,0,
64166708,true,2616,0,
64199234,true,2825,0,
64267999,true,2787,0,
64795600,true,2697,0,
64843165,true,2276,0,
65005808,true,2823,0,
65063783,true,1159,0,
65129667,true,869,0,
65230566,true,1663,0,
65801170,true,1705,0,
65924455,true,2501,0,
66060971,true,2358,0,
66576238,true,2804,0,
66598123,true,2820,0,
66701551,true,1733,0,
66875618,true,2775,0,
67792255,true,2473,0,
67864369,true,1588,0,
68033159,true,2801,0,
68700314,true,2011,0,
68815779,true,2605,0,
68924778,true,1558,0,
69514536,true,2142,0,
69593480,true,2076,0,
70019260,true,2354,0,
70140924,true,2803,0,
70462237,true,1895,0,
70724549,true,2394,0,
70739674,true,2478,0,
70921239,true,1230,0,
71055664,true,2329,0,
71284069,true,971,0,
71553253,true,2613,0,
71626260,true,1270,0,
72162602,true,2736,0,
72257765,true,2671,0,
72442040,true,1523,0,
72447965,true,2769,0,
72471738,true,2268,0,
72688639,true,2750,0,
72815159,true,2725,0,
73370091,true,2785,0,
73752556,true,1037,0,
74075195,true,2737,0,
74151633,true,2600,0,
74499481,true,1417,0,
74558752,true,2488,0,
74864800,true,2575,0,
75049576,true,2766,0,
75327580,true,2758,0,
75531056,true,2767,0,
75616073,true,1788,0,
75776324,true,2685,0,
76340603,true,2345,0,
76628529,true,2417,0,
77781707,true,2445,0,
77964725,true,1311,0,
78585728,true,1187,0,
78831560,true,2259,0,
79255369,true,2733,0,
79882296,true,2743,0,
79950390,true,1729,0,
80069135,true,2740,0,
80424192,true,2749,0,
80625117,true,1994,0,
80640615,true,2716,0,
80675177,true,2746,0,
80735678,true,2095,0,
80861390,true,2456,0,
81229283,true,962,0,
81586679,true,1275,0,
81657547,true,1988,0,
82047662,true,2652,0,
82152793,true,1473,0,
82238994,true,2560,0,
82299810,true,2709,0,
82324046,true,1196,0,
83068676,true,2014,0,
83537099,true,1676,0,
83693578,true,2648,0,
83732173,true,1909,0,
84192909,true,2454,0,
84637557,true,1597,0,
84748525,true,2710,0,
84862652,true,1230,0,
85092590,true,2678,0,
85121221,true,1946,0,
86266053,true,1910,0,
86478533,true,1672,0,
86638979,true,1964,0,
86679881,true,2677,0,
86857088,true,2657,0,
86873653,true,1944,0,
87210974,true,2596,0,
87250324,true,2718,0,
87442687,true,2702,0,
87479236,true,2704,0,
87490495,true,2140,0,
88135942,true,2535,0,
88243579,true,1396,0,
88420609,true,2023,0,
88512580,true,2137,0,
88547701,true,2371,0,
88861479,true,1589,0,
89530421,true,2605,0,
89569108,true,2559,0,
89832295,true,2163,0,
89979907,true,1501,0,
90265785,true,1910,0,
90424009,true,2585,0,
90799881,true,1983,0,
90945826,true,1862,0,
91074978,true,2442,0,
91535749,true,1580,0,
91694633,true,2110,0,
91830805,true,1507,0,
92393471,true,2535,0,
92418918,true,1933,0,
93036249,true,2670,0,
93113247,true,2630,0,
93345169,true,2268,0,
93877531,true,1440,0,
94152974,true,1837,0,
94186853,true,2356,0,
95162612,true,2487,0,
95278835,true,914,0,
95521720,true,1698,0,
95631946,true,2407,0,
95822954,true,2330,0,
95988097,true,1643,0,
96271287,true,2655,0,
96302855,true,1412,0,
96511249,true,884,0,
96635414,true,1802,0,
96707980,true,2362,0,
96841510,true,1969,0,
97356669,true,1631,0,
97457092,true,1635,0,
97545636,true,2394,0,
98132816,true,1477,0,
98716346,true,1713,0,
98777807,true,2613,0,
98791830,true,2372,0,
99044557,true,1748,0,
99097857,true,1547,0,
99506045,true,1974,0,
99725666,true,1462,0,
100140151,true,2143,0,
100326806,true,1973,0,
100464004,true,2448,0,
100464288,true,1729,0,
101017638,true,2624,0,
101104755,true,2540,0,
101194435,true,1840,0,
101459300,true,1212,0,
101535706,true,1762,0,
101639696,true,2624,0,
101730283,true,1854,0,
101867277,true,2614,0,
102173017,true,1268,0,
102705509,true,1270,0,
103469630,true,2575,0,
103553046,true,2607,0,
103572634,true,2532,0,
103647871,true,1754,0,
103692585,true,2600,0,
103840775,true,2504,0,
104490446,true,2417,0,
105255156,true,1746,0,
105408062,true,2535,0,
105481069,true,1154,0,
105573256,true,2495,0,
105998272,true,2577,0,
106026967,true,2466,0,
106260702,true,2557,0,
106267930,true,1616,0,
106578060,true,2294,0,
107288253,true,1762,0,
108005660,true,1602,0,
108448657,true,1177,0,
108814170,true,2091,0,
108955684,true,2423,0,
109876762,true,2536,0,
110464754,true,1590,0,
111816177,true,1924,0,
112381310,true,2461,0,
113091880,true,1193,0,
113215550,true,1828,0,
113242985,true,1302,0,
113591223,true,2458,0,
114009068,true,2030,0,
114523144,true,1789,0,
115174454,true,2129,0,
115206302,true,1701,0,
115768053,true,2150,0,
115884978,true,2495,0,
115907658,true,1230,0,
115946665,true,1584,0,
116235208,true,1624,0,
116479467,true,2496,0,
116666085,true,1646,0,
116812394,true,1979,0,
116957800,true,2336,0,
118508670,true,2397,0,
118541510,true,2508,0,
118883573,true,2490,0,
118945078,true,2497,0,
119024407,true,2491,0,
119133613,true,2498,0,
119788713,true,2392,0,
119949706,true,2038,0,
120138490,true,923,0,
120398581,true,2463,0,
121246398,true,2470,0,
122036211,true,2472,0,
122062923,true,2459,0,
122071753,true,2478,0,
122389443,true,2453,0,
122504188,true,2434,0,
122796983,true,2461,0,
123163427,true,2063,0,
123392782,true,2448,0,
123603600,true,1651,0,
123852980,true,2437,0,
123923734,true,1677,0,
124236738,true,2425,0,
124415621,true,2456,0,
125519764,true,2453,0,
125848147,true,1953,0,
125998987,true,2407,0,
126138928,true,1953,0,
127032368,true,1960,0,
127146676,true,2435,0,
127654938,true,2120,0,
128083363,true,2427,0,
128116843,true,2435,0,
128119569,true,2439,0,
128351530,true,2437,0,
128945812,true,1626,0,
129280758,true,1171,0,
129380714,true,1469,0,
129432549,true,1763,0,
129583121,true,1958,0,
129674043,true,2412,0,
129770901,true,1274,0,
129989222,true,2418,0,
130402631,true,2349,0,
130723111,true,1292,0,
131458895,true,2369,0,
131877141,true,2411,0,
132019649,true,2413,0,
132041285,true,1433,0,
132186836,true,2312,0,
132398218,true,1684,0,
132743140,true,2266,0,
133085267,true,2403,0,
133264787,true,1706,0,
133417034,true,2395,0,
133513514,true,2397,0,
133712344,true,1813,0,
134482995,true,2384,0,
135079397,true,2199,0,
135486083,true,2383,0,
136562176,true,2389,0,
136891295,true,2341,0,
136910746,true,2374,0,
137226755,true,2363,0,
137313530,true,2380,0,
137991811,true,2367,0,
138389003,true,1612,0,
138456419,true,1590,0,
138890572,true,1766,0,
138932926,true,2339,0,
139078310,true,2365,0,
140425948,true,1517,0,
140564891,true,1953,0,
142371970,true,1811,0,
143702110,true,1659,0,
143776846,true,2314,0,
143885714,true,2231,0,
144225005,true,2297,0,
144566924,true,2296,0,
144848485,true,2339,0,
145932555,true,860,0,
145945558,true,2309,0,
146068168,true,952,0,
146246629,true,1753,0,
146267347,true,897,0,
146917637,true,2313,0,
146932052,true,1898,0,
147197555,true,903,0,
147262098,true,1292,0,
147307976,true,2296,0,
147333430,true,2029,0,
147400872,true,1834,0,
147647876,true,2023,0,
148278791,true,2260,0,
148315489,true,2217,0,
148720255,true,2293,0,
148919487,true,787,0,
149107378,true,2307,0,
149620956,true,1753,0,
149810826,true,1628,0,
150433612,true,1928,0,
150545454,true,2046,0,
150662672,true,1230,0,
150722178,true,1774,0,
151046242,true,2284,0,
151284276,true,1625,0,
151358145,true,2259,0,
151865812,true,2254,0,
151888238,true,2239,0,
151987301,true,2281,0,
153496416,true,2259,0,
153658211,true,1591,0,
154010280,true,1459,0,
154077755,true,2200,0,
154473416,true,2014,0,
155205098,true,2253,0,
155786874,true,1639,0,
155791747,true,1704,0,
155814934,true,1796,0,
156046558,true,1946,0,
156213282,true,2250,0,
156314830,true,2248,0,
156412952,true,1564,0,
156552347,true,1504,0,
157644828,true,2060,0,
157669475,true,2237,0,
158014092,true,2078,0,
158151263,true,994,0,
158431389,true,1824,0,
158583764,true,1992,0,
158688230,true,1623,0,
159275740,true,1294,0,
159603007,true,2215,0,
160037121,true,2138,0,
160283585,true,2208,0,
160545973,true,2154,0,
160617542,true,1898,0,
160821265,true,1237,0,
161112787,true,2197,0,
161438581,true,1584,0,
161525311,true,2211,0,
161792772,true,2103,0,
162080060,true,2167,0,
162258655,true,1794,0,
162261801,true,2178,0,
162378065,true,2194,0,
162819302,true,1012,0,
163146855,true,2193,0,
163284016,true,1828,0,
163447033,true,1778,0,
163591573,true,1598,0,
163610382,true,2191,0,
163829916,true,1967,0,
164600208,true,2079,0,
165077669,true,2135,0,
165214661,true,1693,0,
165403641,true,2181,0,
165761192,true,2190,0,
165950424,true,1689,0,
166052942,true,2003,0,
166176451,true,2056,0,
166631548,true,2152,0,
166769669,true,1463,0,
167661838,true,2119,0,
168004874,true,2080,0,
168290064,true,2158,0,
169928862,true,1878,0,
169998526,true,1986,0,
170258663,true,1719,0,
170587432,true,2116,0,
171261181,true,2083,0,
171343957,true,2158,0,
171550103,true,2013,0,
171680617,true,1674,0,
171863224,true,1686,0,
172106212,true,1428,0,
172306339,true,1585,0,
172621762,true,2150,0,
175239213,true,2126,0,
175598863,true,2076,0,
176517429,true,2136,0,
176541683,true,1010,0,
177013169,true,2041,0,
177035379,true,1200,0,
177093394,true,2076,0,
177201738,true,1628,0,
177318290,true,2102,0,
177856363,true,1629,0,
177911536,true,2095,0,
178659459,true,1132,0,
178663411,true,905,0,
179169845,true,2102,0,
180136626,true,1101,0,
180508243,true,1550,0,
180758665,true,2074,0,
181742117,true,1873,0,
181934749,true,1938,0,
183372921,true,1915,0,
183670795,true,1973,0,
185705260,true,2062,0,
186208208,true,1425,0,
186772971,true,2057,0,
187045688,true,2072,0,
187222745,true,1589,0,
187437981,true,2050,0,
187676894,true,2015,0,
188372797,true,1816,0,
188536761,true,1676,0,
188849025,true,2027,0,
189155455,true,2046,0,
189712516,true,873,0,
189774580,true,2067,0,
190073525,true,1671,0,
190263981,true,2054,0,
190957759,true,2003,0,
191156834,true,2029,0,
192286210,true,2023,0,
193504997,true,2025,0,
194343081,true,1663,0,
194475135,true,1694,0,
194663540,true,2024,0,
195199908,true,2024,0,
195205137,true,2009,0,
195241396,true,1771,0,
195709119,true,2015,0,
195933294,true,2038,0,
196709080,true,2012,0,
196781468,true,1923,0,
197227115,true,2006,0,
198564506,true,1866,0,
199627082,true,2006,0,
199967460,true,2008,0,
200195304,true,2012,0,
200347806,true,1985,0,
200407976,true,1997,0,
200627195,true,1600,0,
201279474,true,1982,0,
201525538,true,1996,0,
201775943,true,1931,0,
201800593,true,1983,0,
202056883,true,1315,0,
202307531,true,1253,0,
202779274,true,2005,0,
204027928,true,1990,0,
204171816,true,1957,0,
204210308,true,1976,0,
206176712,true,1974,0,
206374835,true,1621,0,
206862811,true,1984,0,
206877989,true,945,0,
207929989,true,1879,0,
208069921,true,1626,0,
210465681,true,1958,0,
210470412,true,1963,0,
210700814,true,1846,0,
211089589,true,1177,0,
211151778,true,1897,0,
211672889,true,1946,0,
212197766,true,1805,0,
212558982,true,1200,0,
212782483,true,1942,0,
212852826,true,1942,0,
212946182,true,1956,0,
213221785,true,1626,0,
213416425,true,1419,0,
213967353,true,1930,0,
214044965,true,1690,0,
214644316,true,1936,0,
215174581,true,1870,0,
215514794,true,774,0,
215643792,true,966,0,
215937780,true,1835,0,
216253769,true,1557,0,
216837175,true,1836,0,
216867611,true,1853,0,
217049360,true,1895,0,
217642567,true,1821,0,
217899069,true,1898,0,
218110120,true,1300,0,
218706214,true,1912,0,
219326028,true,1859,0,
219411816,true,1606,0,
219818665,true,1911,0,
220021377,true,935,0,
220040685,true,1904,0,
220957569,true,1821,0,
221361263,true,1899,0,
221610108,true,1897,0,
222021604,true,1890,0,
222154123,true,1832,0,
222877193,true,1076,0,
222935818,true,1893,0,
222966010,true,989,0,
223670741,true,1614,0,
223679612,true,1897,0,
224128782,true,1875,0,
224156706,true,1869,0,
224274594,true,1822,0,
224914737,true,1136,0,
225339158,true,1617,0,
225711033,true,1875,0,
225999508,true,1031,0,
226545155,true,1700,0,
226804910,true,979,0,
227034714,true,1852,0,
227623259,true,1173,0,
227798081,true,1738,0,
228058426,true,1862,0,
228898318,true,930,0,
229089748,true,913,0,
229742535,true,1601,0,
230001236,true,1819,0,
230318099,true,1747,0,
231321669,true,1005,0,
231632308,true,1828,0,
232010466,true,1815,0,
232136851,true,1629,0,
232201424,true,1771,0,
232551293,true,1780,0,
232691796,true,1836,0,
233663426,true,1712,0,
234510969,true,1476,0,
235058174,true,1823,0,
235168007,true,1810,0,
235201790,true,1803,0,
235448301,true,1773,0,
235524245,true,1665,0,
235728535,true,1813,0,
235847317,true,1790,0,
236474705,true,1753,0,
236551352,true,886,0,
236761017,true,1801,0,
237247600,true,1787,0,
237852071,true,1811,0,
237868039,true,1214,0,
240471823,true,1610,0,
240803358,true,1762,0,
241020837,true,1726,0,
241176336,true,1782,0,
241278252,true,1754,0,
241439206,true,1715,0,
241486369,true,1228,0,
242063096,true,1761,0,
242128703,true,1533,0,
242430405,true,1722,0,
242476070,true,1759,0,
242676450,true,1417,0,
242928642,true,1789,0,
242961382,true,1763,0,
243076441,true,1533,0,
243177127,true,1594,0,
244374498,true,1251,0,
244591669,true,1515,0,
245134540,true,1686,0,
245322783,true,1672,0,
245717635,true,1717,0,
246426102,true,1257,0,
247023802,true,1739,0,
247426814,true,1748,0,
247436929,true,1758,0,
247444610,true,1759,0,
247583994,true,1752,0,
247978374,true,1742,0,
248447171,true,1750,0,
248866253,true,1594,0,
249076347,true,1623,0,
249586813,true,1644,0,
249851890,true,1753,0,
250870384,true,1725,0,
251964839,true,1725,0,
252517578,true,1727,0,
252743752,true,1736,0,
253470504,true,1732,0,
253607769,true,1726,0,
254003149,true,1718,0,
255505646,true,1669,0,
255568099,true,1686,0,
256062596,true,1672,0,
257726278,true,1697,0,
257730416,true,1689,0,
257757294,true,1674,0,
258197723,true,1714,0,
258217678,true,1494,0,
258798035,true,1675,0,
259224000,true,1674,0,
259971398,true,1698,0,
260969264,true,1674,0,
262057253,true,1695,0,
262362133,true,1689,0,
263379944,true,1687,0,
263757282,true,1654,0,
263838249,true,1690,0,
264047260,true,1681,0,
264908563,true,1675,0,
265251885,true,1599,0,
266066667,true,1672,0,
266482556,true,1682,0,
266536602,true,1556,0,
266724394,true,1664,0,
267172624,true,1308,0,
267400172,true,1677,0,
267562621,true,1580,0,
267583245,true,1634,0,
267623793,true,1666,0,
268156265,true,1574,0,
268301912,true,1644,0,
268768440,true,1637,0,
269483435,true,1662,0,
269854119,true,1660,0,
270577016,true,1585,0,
270760003,true,1598,0,
270945294,true,1645,0,
271262936,true,1657,0,
272444407,true,1625,0,
272567340,true,1264,0,
273049892,true,1588,0,
273073817,true,1638,0,
273517819,true,1608,0,
273956965,true,854,0,
274202606,true,1586,0,
275723550,true,1599,0,
277159422,true,1586,0,
278165220,true,1489,0,
278240539,true,1616,0,
279359730,true,1555,0,
279360497,true,1249,0,
280399736,true,1430,0,
280576775,true,1579,0,
280631274,true,1611,0,
282042508,true,1614,0,
282799962,true,1592,0,
283174083,true,1534,0,
283690319,true,1612,0,
284682211,true,1424,0,
284720636,true,1607,0,
284974503,true,1559,0,
285239727,true,1550,0,
286842277,true,1603,0,
286894633,true,1585,0,
287601089,true,1594,0,
290026890,true,986,0,
290440065,true,1573,0,
291386935,true,1589,0,
291844536,true,1170,0,
292174713,true,1541,0,
292571220,true,1520,0,
294015642,true,1558,0,
294224767,true,1461,0,
294759884,true,1500,0,
294938232,true,1527,0,
296913797,true,1539,0,
298343442,true,890,0,
298831092,true,1556,0,
298960203,true,1535,0,
300437853,true,1543,0,
300676660,true,1532,0,
300974507,true,1545,0,
301299961,true,1548,0,
302243245,true,1508,0,
304345361,true,1502,0,
305012750,true,1216,0,
305419758,true,1515,0,
306453284,true,1521,0,
307478545,true,1517,0,
307885544,true,1517,0,
308497924,true,1512,0,
308855555,true,1480,0,
308888253,true,1466,0,
309007259,true,1506,0,
310006769,true,1468,0,
311991384,true,1482,0,
313833580,true,1476,0,
315306298,true,1421,0,
316059887,true,911,0,
316067480,true,1479,0,
316379255,true,1473,0,
324338565,true,869,0,
324947537,true,1454,0,
327117455,true,1457,0,
327601894,true,1439,0,
329264638,true,1219,0,
329551372,true,1126,0,
329745939,true,1409,0,
330366940,true,960,0,
331330348,true,1423,0,
332021618,true,1260,0,
333674406,true,1427,0,
334712111,true,1327,0,
335783290,true,1394,0,
336010119,true,1399,0,
336568993,true,1409,0,
336702196,true,954,0,
337652705,true,1394,0,
338717417,true,1400,0,
339314157,true,893,0,
341276942,true,1394,0,
341282198,true,1315,0,
341515473,true,1386,0,
342927830,true,841,0,
345247762,true,1181,0,
346984854,true,1310,0,
348847428,true,1289,0,
349117116,true,789,0,
349194462,true,1231,0,
349731526,true,1265,0,
352133902,true,1289,0,
353173880,true,1243,0,
354783560,true,1256,0,
356589898,true,1176,0,
357394405,true,1265,0,
357476332,true,1215,0,
357780881,true,1246,0,
359632814,true,1246,0,
360134722,true,1253,0,
361784191,true,1238,0,
362089937,true,1157,0,
362092242,true,1235,0,
364257212,true,1218,0,
365232466,true,1137,0,
366090919,true,1141,0,
366379786,true,1196,0,
366506183,true,1202,0,
367507031,true,838,0,
367824579,true,1175,0,
368406455,true,1185,0,
370237375,true,918,0,
372887082,true,1004,0,
373041418,true,981,0,
373325915,true,1124,0,
375404224,true,1115,0,
379706794,true,1065,0,
380555271,true,1074,0,
382504340,true,1023,0,
382510934,true,957,0,
387672622,true,1037,0,
388706560,true,1038,0,
388823683,true,1053,0,
392467112,true,1006,0,
392879679,true,973,0,
398770317,true,968,0,
400563866,true,974,0,
402526057,true,871,0,
405727905,true,922,0,
406566107,true,934,0,
408556566,true,920,0,
412887742,true,870,0,
417193427,true,880,0,
417674240,true,873,0,
417699288,true,865,0,
427748368,true,181,0,
427748369,true,181,0,
427748370,true,181,0,
427748371,true,181,0,
427748372,true,181,0,
427748373,true,181,0,
427748374,true,181,0,
427748375,true,181,0,
427748376,true,181,0,
427748377,true,181,0,
427748378,true,181,0,
427748379,true,181,0,
427748380,true,181,0,
427748381,true,181,0,
427748382,true,181,0,
427748383,true,181,0,
427748384,true,181,0,
427748385,true,181,0,
427748386,true,181,0,
427748387,true,181,0,
427748388,true,181,0,
427748389,true,181,0,
427748390,true,181,0,
427748391,true,181,0,
427748392,true,181,0,
